{"type":"FeatureCollection","features":[{"type":"Feature","properties":{"osm_id":87495,"name":"Jockgrim","admin_level":8},"geometry":{"type":"Polygon","coordinates":[[[8.2567868,49.0847265],[8.2577121,49.0839601],[8.2584447,49.0833378],[8.2575622,49.0826892],[8.2566549,49.0820076],[8.2581386,49.0815291],[8.2573699,49.0810253],[8.2530497,49.0782502],[8.2517411,49.0774068],[8.2525215,49.0767014],[8.2520725,49.076328],[8.2515371,49.0758687],[8.2508167,49.0753969],[8.2502764,49.0746738],[8.2504417,49.0738695],[8.2508059,49.0722133],[8.2511732,49.0713846],[8.2511325,49.071029],[8.2514728,49.0708531],[8.2518541,49.0693178],[8.2516649,49.0685717],[8.2515679,49.0678198],[8.251356,49.0676099],[8.2510248,49.0673867],[8.2506323,49.0672885],[8.2500185,49.066995],[8.2494895,49.0666846],[8.2490968,49.0661453],[8.2488737,49.0653562],[8.2488387,49.0644228],[8.2491472,49.0636599],[8.2495802,49.0631104],[8.252247,49.0638848],[8.25368,49.0643054],[8.2540034,49.0652508],[8.2532438,49.0660288],[8.2535056,49.0664063],[8.2539025,49.066959],[8.2543342,49.0674938],[8.254679,49.0679017],[8.2547972,49.0681207],[8.2549908,49.068596],[8.2552273,49.0689939],[8.2554723,49.0692406],[8.2559671,49.069496],[8.2565336,49.0697977],[8.2575456,49.0703956],[8.258215,49.0706109],[8.2588509,49.0708405],[8.2594603,49.0711342],[8.2601167,49.0713982],[8.2604324,49.0715575],[8.2609256,49.0718432],[8.2613169,49.0720702],[8.2616834,49.0723091],[8.2623421,49.0728299],[8.2634223,49.0727978],[8.2643414,49.0727565],[8.2651129,49.0728512],[8.2659189,49.0728463],[8.2663048,49.0727574],[8.2675988,49.0722422],[8.2685993,49.0718307],[8.2692011,49.071654],[8.2694466,49.071521],[8.2696584,49.0713788],[8.2699057,49.0713029],[8.2701353,49.0710947],[8.2703289,49.0709278],[8.2705389,49.0707863],[8.2710325,49.0705331],[8.272045,49.070287],[8.2727338,49.0701307],[8.2731822,49.0701374],[8.2735941,49.0701548],[8.2743561,49.0701868],[8.2751032,49.07027],[8.2762018,49.0703696],[8.2773505,49.0703958],[8.2781682,49.0704431],[8.2785139,49.0704483],[8.2790496,49.0704564],[8.2791689,49.070473],[8.2792846,49.0705745],[8.2795537,49.0707176],[8.2799152,49.0708705],[8.2802409,49.0712651],[8.2807075,49.0718346],[8.282084,49.0731872],[8.2826656,49.0735546],[8.2832208,49.0738113],[8.2840892,49.0741189],[8.2845309,49.0742108],[8.2854298,49.0743061],[8.2858443,49.0742661],[8.2865342,49.074298],[8.2868003,49.0743232],[8.2873527,49.074424],[8.2877298,49.0745367],[8.2884539,49.0747657],[8.290639,49.0755782],[8.2909674,49.0756854],[8.2912152,49.0757537],[8.2913342,49.0758755],[8.2920712,49.0761574],[8.2923451,49.0761372],[8.2927233,49.0762386],[8.2929744,49.0762311],[8.2931665,49.0762614],[8.2934996,49.076463],[8.294376,49.0769791],[8.2953216,49.0775511],[8.2963253,49.0781093],[8.2967943,49.0783292],[8.2972217,49.0784842],[8.2977941,49.0786459],[8.298221,49.078755],[8.2985393,49.0788258],[8.2990199,49.0789652],[8.2998101,49.0792377],[8.3009712,49.079544],[8.3016125,49.0794939],[8.3022074,49.0794833],[8.3025076,49.0795558],[8.3028158,49.079638],[8.303273,49.0797269],[8.3040794,49.0797993],[8.3050131,49.0798683],[8.3054783,49.0798591],[8.3059723,49.0798313],[8.3071303,49.0797859],[8.3079697,49.0796996],[8.3086742,49.0795932],[8.3093746,49.0794002],[8.3099424,49.079245],[8.310557,49.0790864],[8.3116788,49.0787267],[8.3121191,49.0785284],[8.3125174,49.0783323],[8.3129522,49.0781536],[8.3132457,49.078003],[8.3137316,49.07769],[8.3140852,49.0774145],[8.3142044,49.0774722],[8.3142859,49.0775512],[8.3144767,49.0778054],[8.3147298,49.0782355],[8.3148794,49.0786662],[8.3148633,49.0790659],[8.3151044,49.0793305],[8.3154109,49.0795676],[8.3154724,49.0798805],[8.3156285,49.0801702],[8.3157549,49.0804673],[8.315967,49.0807632],[8.3165626,49.081235],[8.316856,49.0814582],[8.3172138,49.0816745],[8.317368,49.081738],[8.3175184,49.0817655],[8.3176261,49.081889],[8.3180463,49.0821225],[8.3185461,49.0822657],[8.3186186,49.0822367],[8.3188768,49.0822984],[8.318845,49.082408],[8.319098,49.0825701],[8.3195267,49.0826746],[8.3199488,49.0827369],[8.3203451,49.0827187],[8.3209974,49.0828433],[8.3216579,49.0829264],[8.3223216,49.0830183],[8.3229527,49.0830697],[8.32298,49.0832216],[8.3234281,49.0837164],[8.3239093,49.0842047],[8.3241481,49.0843686],[8.324632,49.0847058],[8.3251126,49.0850711],[8.3256285,49.0855596],[8.3261439,49.0861037],[8.3267927,49.0868282],[8.3268938,49.0876856],[8.3273564,49.0886806],[8.3272336,49.0895777],[8.3271111,49.0904249],[8.3268019,49.0911323],[8.3264969,49.0915704],[8.3257212,49.0922171],[8.325353,49.0926847],[8.3250292,49.0929792],[8.3245485,49.0933582],[8.3234546,49.0941813],[8.3222587,49.0950057],[8.3207317,49.0963579],[8.3200348,49.0970559],[8.3193866,49.0978059],[8.31877,49.0986679],[8.3185348,49.0990488],[8.3178183,49.0998654],[8.317519,49.1002325],[8.3166424,49.102158],[8.3164137,49.10291],[8.3162741,49.1032802],[8.3161948,49.1036585],[8.3161502,49.1038687],[8.3160443,49.1045224],[8.3159777,49.104922],[8.3151066,49.1057799],[8.3150215,49.1058835],[8.3133281,49.1068922],[8.312808,49.1072826],[8.3124793,49.1076752],[8.3120284,49.1081838],[8.3115764,49.1086921],[8.3112609,49.1084394],[8.3111828,49.1081969],[8.3112142,49.1081147],[8.3113205,49.1079958],[8.3115001,49.1078065],[8.3115339,49.107727],[8.3114283,49.1072934],[8.3112513,49.1067288],[8.3111317,49.1063064],[8.3110639,49.1062208],[8.3108606,49.1061802],[8.3099753,49.1061144],[8.3096311,49.106081],[8.3093033,49.105878],[8.3090018,49.1056706],[8.3090753,49.1052477],[8.3093932,49.103749],[8.3095249,49.1031753],[8.3097086,49.1030322],[8.3104021,49.1026249],[8.3108014,49.1019917],[8.3114402,49.1009303],[8.3115865,49.1006893],[8.3117616,49.1004471],[8.3119108,49.1003198],[8.3125462,49.0998041],[8.3131776,49.0993176],[8.3137437,49.0991786],[8.3149758,49.0983414],[8.3160823,49.0976312],[8.3168864,49.0971651],[8.3171714,49.0969185],[8.3174202,49.0959516],[8.3181545,49.0939291],[8.3186588,49.0925428],[8.3189533,49.0917163],[8.3190821,49.0915487],[8.3191878,49.091186],[8.3191962,49.0911078],[8.3192104,49.0908815],[8.318313,49.0907493],[8.3173469,49.0906067],[8.3174933,49.0901829],[8.317658,49.0896935],[8.3176743,49.0896432],[8.317613,49.0896339],[8.3175432,49.0896708],[8.3165554,49.0895241],[8.3155455,49.0893735],[8.3154652,49.0893541],[8.3154498,49.0894076],[8.3155068,49.0894278],[8.3153337,49.0899444],[8.3151489,49.0904748],[8.3148054,49.0915198],[8.3133762,49.0915547],[8.3132048,49.0915194],[8.3130481,49.0914682],[8.312861,49.0913659],[8.3127065,49.0912495],[8.3124255,49.0904761],[8.3121907,49.0897551],[8.3117827,49.0892777],[8.3104923,49.0890116],[8.3089834,49.0889348],[8.3077685,49.088871],[8.306616,49.0888064],[8.3060192,49.0887945],[8.3046274,49.0888304],[8.3029762,49.0888667],[8.3025587,49.0891464],[8.3024299,49.0893366],[8.301056,49.0898487],[8.2996896,49.0903718],[8.299656,49.0903484],[8.2992024,49.0905417],[8.299196,49.0905818],[8.2965397,49.0916197],[8.2952744,49.0921286],[8.2949613,49.0922478],[8.2948511,49.0922927],[8.2932728,49.0929057],[8.2905478,49.0939804],[8.2891039,49.0945439],[8.2878029,49.0950456],[8.2874977,49.0951591],[8.2861068,49.0957106],[8.2859843,49.0957518],[8.2860433,49.0959101],[8.2866212,49.096451],[8.2860162,49.0966997],[8.285937,49.0966464],[8.2853044,49.0971263],[8.2847287,49.0975929],[8.2847231,49.0986013],[8.2846882,49.099611],[8.2856947,49.0999521],[8.2855023,49.1007411],[8.2853212,49.1015879],[8.2860536,49.1017443],[8.2859792,49.1019804],[8.2859161,49.1021322],[8.2861494,49.1024547],[8.286688,49.1026508],[8.2874577,49.1031729],[8.2882054,49.1036789],[8.2886629,49.1035307],[8.289219,49.1035504],[8.2899693,49.1035899],[8.2901569,49.10362],[8.2907235,49.1040249],[8.2909096,49.1041464],[8.29129,49.1043278],[8.2916522,49.1039627],[8.2919796,49.1039371],[8.2925322,49.1040581],[8.2927587,49.1042179],[8.2939317,49.1044004],[8.292275,49.1055457],[8.2918701,49.1052659],[8.291215,49.1051182],[8.2898535,49.1048017],[8.2877749,49.1045277],[8.2871697,49.1041464],[8.286475,49.1037302],[8.2854993,49.1038632],[8.2845842,49.103603],[8.2837178,49.1033508],[8.2834298,49.10305],[8.2818821,49.1023837],[8.2801651,49.1023451],[8.2790119,49.1024778],[8.2791889,49.103333],[8.2795084,49.1047889],[8.279186,49.1048282],[8.2790062,49.1049162],[8.278696,49.1049034],[8.2764337,49.1048163],[8.2751392,49.1047642],[8.2742907,49.1047267],[8.2730323,49.1043536],[8.2727378,49.1043491],[8.2727024,49.1044849],[8.2725361,49.1044551],[8.2723014,49.1044068],[8.2717799,49.1042877],[8.2693367,49.1036915],[8.2667214,49.1027579],[8.2658149,49.1021912],[8.2645052,49.100906],[8.2623464,49.1024673],[8.2615964,49.1011064],[8.2594537,49.1015912],[8.2592742,49.1004528],[8.2591265,49.0995157],[8.2589711,49.0984678],[8.2589891,49.0981778],[8.2589272,49.0978983],[8.2589063,49.0971516],[8.2589342,49.0965],[8.2589416,49.0963007],[8.2584028,49.0956223],[8.2577872,49.0940461],[8.257992,49.0939666],[8.2578808,49.0939265],[8.2577649,49.093884],[8.2577318,49.0938051],[8.257816,49.0937512],[8.2579749,49.093684],[8.2579165,49.0936339],[8.2577928,49.0936239],[8.2576745,49.0936865],[8.2575016,49.0937174],[8.2574621,49.0937919],[8.2574527,49.0938739],[8.2573586,49.0938618],[8.2573132,49.0937993],[8.2572976,49.0937355],[8.2574352,49.0936219],[8.2574426,49.0935417],[8.2573753,49.0934866],[8.2572384,49.0934979],[8.2571369,49.0934446],[8.2570193,49.0934661],[8.2570033,49.0935457],[8.2570213,49.093634],[8.2569282,49.0936331],[8.2567335,49.0935147],[8.2565882,49.0933682],[8.2565146,49.0932207],[8.2564826,49.0930277],[8.2563927,49.0929256],[8.2564278,49.0928483],[8.2566419,49.0928385],[8.2566522,49.0927834],[8.2566261,49.0927253],[8.2564646,49.0926325],[8.2563939,49.0925152],[8.2563613,49.0924016],[8.2564627,49.0923557],[8.2564696,49.0921411],[8.2564467,49.0920086],[8.2565296,49.0919689],[8.2566705,49.0919921],[8.256834,49.0920358],[8.2569267,49.0919931],[8.2569018,49.0919206],[8.2568395,49.0918809],[8.2567884,49.0918179],[8.2567946,49.0917807],[8.2570002,49.0916601],[8.2569933,49.0916008],[8.2569552,49.0915553],[8.256819,49.0915639],[8.2566985,49.0915499],[8.2566343,49.0914888],[8.2566219,49.0914194],[8.2566671,49.0913668],[8.2568147,49.0913666],[8.2569918,49.0913407],[8.2571139,49.0912627],[8.2570431,49.0910863],[8.2569351,49.0909405],[8.2567983,49.0908912],[8.2567436,49.0907852],[8.2567041,49.0906498],[8.2565653,49.0905669],[8.2564814,49.0904717],[8.2565416,49.0902775],[8.2564894,49.0901716],[8.2565334,49.0900654],[8.2564855,49.0899316],[8.2563291,49.0898432],[8.2561714,49.0898472],[8.2560469,49.0899225],[8.2558508,49.0899825],[8.2557333,49.0901009],[8.2557277,49.0902496],[8.2557889,49.0903209],[8.2559406,49.0904108],[8.2560389,49.0904909],[8.2560107,49.090576],[8.2559222,49.0905993],[8.2557844,49.0905808],[8.2557115,49.0906245],[8.2555828,49.0906447],[8.2554547,49.0906122],[8.2554465,49.090527],[8.2554049,49.0904443],[8.2552682,49.0903355],[8.2552382,49.0902558],[8.2551556,49.090162],[8.2546265,49.0901512],[8.2545176,49.0900982],[8.2544466,49.0900242],[8.2544902,49.0899549],[8.254715,49.0899561],[8.2547511,49.0898723],[8.254738,49.0898076],[8.2548106,49.0897493],[8.2550574,49.0897618],[8.2550893,49.0897171],[8.2550483,49.0896759],[8.2549769,49.0896482],[8.254778,49.0896144],[8.2546841,49.0895753],[8.2545933,49.0895218],[8.2544944,49.0894396],[8.2542619,49.0894688],[8.2541148,49.0894711],[8.2540507,49.089412],[8.2541116,49.0893147],[8.2543041,49.089224],[8.2542847,49.0891501],[8.2541256,49.0890532],[8.2540436,49.0889566],[8.2540859,49.0888642],[8.2542185,49.0888516],[8.2543177,49.0888265],[8.2543447,49.0887628],[8.2543347,49.0887029],[8.2541918,49.088669],[8.2539685,49.0887697],[8.2537875,49.0887856],[8.2536034,49.0887856],[8.2534326,49.0887769],[8.2533978,49.0887011],[8.2534335,49.0884779],[8.2535428,49.0884166],[8.2536883,49.0883875],[8.2537233,49.0883266],[8.2536739,49.088257],[8.2535931,49.0882175],[8.2535873,49.088108],[8.2535183,49.0880795],[8.2534253,49.0881327],[8.2533667,49.0882435],[8.2532639,49.0882408],[8.2531205,49.0881713],[8.2529672,49.0881445],[8.2529381,49.0880859],[8.2529796,49.0879955],[8.2531274,49.087893],[8.2533184,49.0878568],[8.2535067,49.087802],[8.2535421,49.0877331],[8.2535076,49.0876775],[8.2533654,49.087653],[8.2533038,49.087655],[8.2533721,49.0875443],[8.2535542,49.0874006],[8.2537767,49.0872298],[8.2567868,49.0847265]]]}},{"type":"Feature","properties":{"osm_id":156058,"name":"Walzbachtal","admin_level":8},"geometry":{"type":"Polygon","coordinates":[[[8.584435,49.0064021],[8.5851431,49.0062585],[8.5839994,49.0043759],[8.5839463,49.0043404],[8.5832371,49.0041532],[8.5831826,49.0040418],[8.5834399,49.0040462],[8.5835471,49.004144],[8.5839389,49.0042742],[8.5835211,49.0031673],[8.5827119,49.003238],[8.5826771,49.0032755],[8.582413,49.0029937],[8.5821263,49.0020594],[8.5820313,49.0009117],[8.5832605,49.0008271],[8.5860014,49.0004761],[8.5884404,49.0000726],[8.5905492,48.9997539],[8.5924074,48.9992429],[8.5935086,48.9988914],[8.5957416,48.9975742],[8.5962612,48.9972414],[8.5968602,48.996131],[8.597482,48.9947427],[8.598705,48.9929105],[8.5991431,48.9923842],[8.5998174,48.9916476],[8.5973644,48.9902824],[8.5977536,48.9896158],[8.5965505,48.9891528],[8.5960197,48.9888562],[8.5957441,48.9884802],[8.5958084,48.9874582],[8.5957735,48.9874387],[8.5957026,48.9884765],[8.5952546,48.9879146],[8.5951784,48.9874511],[8.5952072,48.98707],[8.5944148,48.9870918],[8.5942349,48.986668],[8.5935119,48.9870617],[8.5936348,48.9871618],[8.5928773,48.9873581],[8.5928827,48.9873084],[8.5916669,48.9874403],[8.5917042,48.9875586],[8.5923621,48.9875226],[8.5923271,48.9889557],[8.5919401,48.9892026],[8.591843,48.9891936],[8.5911022,48.9904303],[8.5900886,48.9898823],[8.5899389,48.9899405],[8.5883996,48.9886616],[8.5880179,48.9882578],[8.5877117,48.9878952],[8.5883555,48.9875784],[8.5893559,48.9872035],[8.5894927,48.9870963],[8.59215,48.9868623],[8.5927919,48.9867392],[8.5932583,48.9866011],[8.593743,48.9863241],[8.5938788,48.9865183],[8.5946082,48.9864645],[8.5951758,48.9863672],[8.5956303,48.986249],[8.5960491,48.9854114],[8.5988971,48.9854811],[8.6018323,48.9855032],[8.6019298,48.9863526],[8.602871,48.9862799],[8.6044419,48.986217],[8.6045313,48.9863227],[8.605323,48.9867064],[8.6059609,48.9870696],[8.6063831,48.9873513],[8.6074438,48.9882427],[8.6075951,48.9884644],[8.6080981,48.988788],[8.6113836,48.9906019],[8.6127197,48.9913079],[8.6138646,48.9917433],[8.6145579,48.9919389],[8.6171793,48.9926078],[8.6197238,48.9928536],[8.6212286,48.9930494],[8.6220673,48.9931177],[8.6234046,48.9933052],[8.6252071,48.9934677],[8.6260838,48.9935801],[8.6268069,48.9935536],[8.6275847,48.9934],[8.6292703,48.9927279],[8.6318525,48.9922487],[8.6328596,48.9920251],[8.633617,48.9913921],[8.6348412,48.9905194],[8.6355677,48.9904529],[8.6381071,48.9899278],[8.6388231,48.9896814],[8.6398374,48.9895131],[8.6408298,48.9894481],[8.6415557,48.9894592],[8.6431106,48.9892966],[8.643684,48.9893523],[8.644586,48.989536],[8.6453854,48.9896429],[8.6464174,48.9897447],[8.6477355,48.9898129],[8.6482031,48.9898625],[8.6479404,48.9908292],[8.6479073,48.9911688],[8.6477791,48.9915707],[8.6477687,48.9920938],[8.6476819,48.9926346],[8.6477215,48.993847],[8.6476732,48.9942648],[8.6475434,48.9946212],[8.6475251,48.9957639],[8.6475673,48.9962849],[8.6475781,48.9972367],[8.6476223,48.9976737],[8.6475643,48.9981313],[8.6474593,48.9999857],[8.6475524,49.001235],[8.647557,49.0023988],[8.6484339,49.0023505],[8.6489178,49.002754],[8.6494584,49.0033802],[8.6511057,49.0036045],[8.6514121,49.0036224],[8.6529283,49.0033487],[8.6536278,49.0031813],[8.6539109,49.0035524],[8.6539353,49.0038906],[8.6540361,49.0043335],[8.6545153,49.0046165],[8.6550701,49.0050488],[8.6561408,49.0057003],[8.6567451,49.0061326],[8.657242,49.0062221],[8.6576311,49.0063487],[8.6579462,49.0064705],[8.6584513,49.0067692],[8.6590084,49.0070374],[8.6594977,49.0072359],[8.6603733,49.0075227],[8.6607877,49.0075516],[8.6606861,49.0084211],[8.6607599,49.0087435],[8.6610181,49.009457],[8.6609096,49.0099316],[8.6603451,49.0112291],[8.6604655,49.0114394],[8.6602571,49.0119571],[8.6600316,49.0129724],[8.6598644,49.0135587],[8.659654,49.0138367],[8.6592791,49.0143059],[8.6588699,49.014677],[8.6582453,49.0150543],[8.6576617,49.0155072],[8.6569286,49.0160006],[8.6564432,49.0163259],[8.656103,49.0167952],[8.6554348,49.016517],[8.6544785,49.0158696],[8.6541599,49.0156202],[8.6536361,49.0152218],[8.6534956,49.0150626],[8.6529902,49.0144962],[8.6506811,49.013947],[8.6506972,49.013764],[8.6507187,49.0133805],[8.6514111,49.0129942],[8.6511442,49.0128776],[8.6517422,49.0123451],[8.6525835,49.0120736],[8.6532627,49.0121304],[8.653504,49.011761],[8.6536119,49.0112641],[8.6536474,49.0108739],[8.6536897,49.0105171],[8.6543155,49.0102193],[8.6550483,49.0100734],[8.6555032,49.0100157],[8.6559106,49.0099702],[8.6561712,49.0094392],[8.6562068,49.0090019],[8.6554156,49.0088391],[8.6539893,49.0085353],[8.6529658,49.0083],[8.6528283,49.0084211],[8.6516866,49.0080401],[8.6508424,49.0075534],[8.6500624,49.007027],[8.6495488,49.0066692],[8.6485609,49.005998],[8.6481755,49.005852],[8.6477505,49.0058536],[8.6473525,49.0058845],[8.6469883,49.0062286],[8.6468098,49.0064642],[8.6463336,49.0070728],[8.6459111,49.0071326],[8.6451972,49.0077766],[8.6442141,49.0086854],[8.6441268,49.0088333],[8.6440754,49.008983],[8.6438449,49.0098085],[8.6436426,49.0106698],[8.6435208,49.0110384],[8.643318,49.0115395],[8.6427921,49.0123539],[8.6408613,49.0120047],[8.6404755,49.0126685],[8.6403173,49.0129966],[8.6401725,49.0133555],[8.6400518,49.0136299],[8.6396602,49.0145236],[8.6393356,49.0164639],[8.6397259,49.0165237],[8.6395073,49.0172661],[8.6394375,49.017522],[8.6393477,49.0178316],[8.6392538,49.0181236],[8.6385041,49.0191166],[8.6388233,49.019252],[8.6385658,49.0196267],[8.6383311,49.0199495],[8.6381501,49.0202318],[8.638134,49.0203206],[8.6381648,49.0205053],[8.6382871,49.0206985],[8.6384317,49.020894],[8.6386852,49.0209187],[8.638952,49.0209503],[8.6386474,49.0219532],[8.6375548,49.021805],[8.6373628,49.0217937],[8.6366326,49.0217502],[8.6355682,49.0216853],[8.6354422,49.0223764],[8.635411,49.0225261],[8.6353658,49.0234354],[8.6353441,49.0238907],[8.6352159,49.0249779],[8.6350594,49.0255803],[8.6359708,49.0258218],[8.6360215,49.0258353],[8.6369048,49.0260711],[8.6369703,49.0260886],[8.6372066,49.0261303],[8.6372197,49.0261326],[8.6375027,49.0261827],[8.6377492,49.0262262],[8.6380212,49.0262743],[8.6382574,49.0263161],[8.6384888,49.026357],[8.6387342,49.0264003],[8.6388257,49.0264165],[8.6389603,49.0264358],[8.6390161,49.0264438],[8.6391018,49.026456],[8.639223,49.0264734],[8.6394658,49.0265081],[8.6397075,49.0265427],[8.6398301,49.0265602],[8.6398395,49.0265616],[8.6399501,49.0265773],[8.6403091,49.0266286],[8.6407898,49.0266972],[8.6408868,49.026711],[8.6409102,49.0267142],[8.6410347,49.0267315],[8.6412826,49.0267658],[8.64178,49.026835],[8.6418358,49.0268427],[8.642033,49.0268707],[8.6421569,49.0268884],[8.6422842,49.0269065],[8.642509,49.0269385],[8.6426552,49.0269593],[8.6427723,49.026976],[8.6427788,49.0269769],[8.6430519,49.0270153],[8.6433096,49.0270514],[8.6435522,49.0270856],[8.6436823,49.0271039],[8.643732,49.0271109],[8.6438281,49.0271257],[8.6447641,49.0272703],[8.6457003,49.027443],[8.6452932,49.0275564],[8.644287,49.0276836],[8.6435441,49.027867],[8.6430724,49.0280246],[8.6422094,49.0283141],[8.6416171,49.0284095],[8.640168,49.0285006],[8.6397716,49.0285101],[8.6394781,49.0285106],[8.638992,49.0288604],[8.6388074,49.0298593],[8.6387306,49.0302626],[8.6389724,49.0308476],[8.6396818,49.0311026],[8.6386951,49.0317051],[8.6382903,49.0319755],[8.6380432,49.0325182],[8.6377477,49.0330196],[8.6368867,49.0339187],[8.6371709,49.0340019],[8.6362295,49.0349488],[8.6352859,49.035672],[8.6348506,49.035835],[8.6344194,49.0359066],[8.6332416,49.0359688],[8.6320393,49.036063],[8.6308791,49.0361047],[8.6301392,49.0361159],[8.6289415,49.0360752],[8.6288949,49.0359538],[8.6284573,49.0358795],[8.6277597,49.0358177],[8.6261473,49.0355747],[8.6260692,49.0356543],[8.6257089,49.035548],[8.6252446,49.0367476],[8.6248639,49.0374931],[8.6246251,49.038271],[8.6243991,49.03899],[8.6242681,49.0394883],[8.6239325,49.0400264],[8.6235263,49.0408204],[8.6228978,49.0416178],[8.6220965,49.0429068],[8.6218203,49.0434765],[8.6212081,49.04455],[8.6210816,49.0447926],[8.6210027,49.0456719],[8.6209267,49.04609],[8.6202855,49.0470564],[8.6196546,49.0483697],[8.6192352,49.0488716],[8.6191391,49.0490432],[8.6184747,49.0498101],[8.6175886,49.0508494],[8.6171988,49.0512318],[8.6170719,49.0513563],[8.6161527,49.0523085],[8.6149663,49.0538047],[8.6146081,49.0543403],[8.6134026,49.0551349],[8.6130922,49.0555051],[8.6126318,49.0562168],[8.6123237,49.0566829],[8.6116674,49.0577883],[8.611554,49.0579565],[8.6094149,49.0591846],[8.6064592,49.0609214],[8.6059266,49.0611298],[8.6053801,49.0612835],[8.6046154,49.0613223],[8.6040359,49.0611881],[8.6029468,49.0608491],[8.6024681,49.0607221],[8.6015657,49.0605412],[8.5989547,49.0602021],[8.5980073,49.0600188],[8.5968983,49.0595244],[8.5962201,49.0595419],[8.5961025,49.0595449],[8.5954724,49.0597484],[8.5954618,49.0600169],[8.5951388,49.0604133],[8.595217,49.0606808],[8.5928312,49.0600429],[8.5930791,49.0596255],[8.5937179,49.0590367],[8.5943734,49.0582576],[8.594644,49.0578936],[8.5950686,49.057208],[8.595068,49.0552529],[8.5951223,49.0541401],[8.595108,49.052406],[8.5946474,49.0506178],[8.5917842,49.0499252],[8.5891322,49.048556],[8.5875589,49.0477613],[8.5869206,49.0474695],[8.5859658,49.047132],[8.585206,49.0468584],[8.5839701,49.0466659],[8.5836383,49.0462897],[8.5831072,49.0456005],[8.5828992,49.0445623],[8.5801452,49.0443699],[8.5785889,49.0442177],[8.577618,49.0440718],[8.5765424,49.0438574],[8.5758799,49.0437284],[8.5735295,49.0430822],[8.5722455,49.0426811],[8.5723113,49.0424965],[8.5702755,49.0420464],[8.5702433,49.0420904],[8.5691462,49.0416684],[8.5683577,49.041264],[8.5680787,49.0410864],[8.5678668,49.0409633],[8.5677238,49.0408962],[8.5673322,49.0407836],[8.5672902,49.0408684],[8.5660635,49.0403687],[8.5657632,49.0406988],[8.5650337,49.0404632],[8.5640037,49.0402382],[8.5625136,49.0394875],[8.5602921,49.0387512],[8.559139,49.0384191],[8.5573393,49.0380426],[8.555984,49.0377643],[8.5560168,49.0376283],[8.5553294,49.0375225],[8.5541855,49.0371815],[8.5536316,49.0369473],[8.5530037,49.0363544],[8.5521455,49.0352623],[8.5517235,49.0346256],[8.5515119,49.0340451],[8.5511573,49.0332968],[8.5502907,49.0315089],[8.549316,49.0309001],[8.5488295,49.0301439],[8.5459883,49.0296131],[8.5451918,49.0294113],[8.5440755,49.0287943],[8.5434273,49.0284175],[8.5433995,49.0282785],[8.5463538,49.0265975],[8.546671,49.0262413],[8.5475536,49.0253693],[8.5487633,49.0240511],[8.5492735,49.0232218],[8.5505018,49.0209093],[8.5507114,49.0204452],[8.5508506,49.0200576],[8.5508825,49.0186515],[8.5510488,49.0183406],[8.5512928,49.0179838],[8.5516348,49.0176273],[8.5518354,49.0172955],[8.552047,49.0168705],[8.5521919,49.0164024],[8.5524993,49.0158108],[8.5530017,49.0155071],[8.5528412,49.0154328],[8.5536336,49.0149865],[8.5537565,49.0147206],[8.553877,49.0142731],[8.5540471,49.0139444],[8.5543842,49.0134937],[8.5545509,49.0125812],[8.5551204,49.0118509],[8.5554199,49.0115112],[8.556524,49.010671],[8.5569215,49.0101028],[8.5571404,49.0098788],[8.5578764,49.008851],[8.5593987,49.0088631],[8.5595649,49.0088253],[8.5596852,49.0087634],[8.5601055,49.0084664],[8.5604263,49.0086914],[8.5605611,49.0088174],[8.5607552,49.0091467],[8.5617009,49.0091395],[8.5629597,49.009033],[8.5632934,49.0089559],[8.563253,49.0088891],[8.5635136,49.0089038],[8.5642918,49.0087521],[8.5646074,49.0075514],[8.5637011,49.0075585],[8.5634131,49.0074745],[8.563917,49.0069881],[8.563979,49.0069003],[8.5651998,49.0065005],[8.5654635,49.0067435],[8.5663679,49.0064166],[8.567039,49.0062975],[8.5670365,49.0061579],[8.5691649,49.0058582],[8.5690689,49.0056651],[8.569574,49.0054036],[8.5701894,49.0052099],[8.5709476,49.0052123],[8.5716701,49.0050917],[8.5727909,49.0048261],[8.5739103,49.0044074],[8.5750993,49.0039037],[8.5757991,49.0036985],[8.5766456,49.0035651],[8.5773001,49.0033214],[8.5776638,49.0032262],[8.5781932,49.0031314],[8.578109,49.0061751],[8.5836614,49.0050221],[8.5842317,49.0061221],[8.584435,49.0064021]]]}},{"type":"Feature","properties":{"osm_id":156059,"name":"Pfinztal","admin_level":8},"geometry":{"type":"Polygon","coordinates":[[[8.5278241,48.9659613],[8.5271321,48.9649518],[8.5267141,48.9640088],[8.526235,48.9631077],[8.5257738,48.9621858],[8.5272707,48.9619273],[8.5287918,48.9614926],[8.5298469,48.9615123],[8.5304701,48.961506],[8.534663,48.9612413],[8.5358562,48.9611316],[8.535896,48.9611246],[8.5362753,48.9610575],[8.5365456,48.9610097],[8.5366631,48.9609889],[8.5377219,48.9606508],[8.5391581,48.9603551],[8.5395422,48.960311],[8.5402469,48.9602368],[8.5406441,48.9602148],[8.5415759,48.9601648],[8.5417299,48.9601038],[8.5415292,48.9599046],[8.5410538,48.9593282],[8.5405483,48.9587072],[8.5397163,48.9575471],[8.5393223,48.9569662],[8.5388662,48.9561416],[8.5386299,48.9556397],[8.537914,48.9542622],[8.5378302,48.9541043],[8.5381436,48.9538846],[8.5380723,48.953724],[8.5382689,48.9537029],[8.5385506,48.9536709],[8.5390383,48.9535833],[8.5394203,48.9535304],[8.5399601,48.9533664],[8.540728,48.9529868],[8.5410451,48.9527675],[8.5413567,48.9526324],[8.5418068,48.9523784],[8.5420625,48.9521913],[8.5422075,48.9522061],[8.5423508,48.9522497],[8.5424802,48.9523066],[8.542694,48.9525026],[8.5426962,48.9525957],[8.5430067,48.9527225],[8.5432656,48.9530212],[8.5434209,48.9529971],[8.5438385,48.9534146],[8.5444833,48.9540439],[8.5442954,48.9541193],[8.5444642,48.954406],[8.5445796,48.9546199],[8.5448366,48.955118],[8.5453385,48.9547818],[8.5463192,48.9541173],[8.5474102,48.9534344],[8.5478399,48.9537465],[8.5491652,48.9530323],[8.5497275,48.9536886],[8.5499709,48.9539663],[8.5506983,48.9547983],[8.5511864,48.9553548],[8.5516826,48.9557018],[8.5525409,48.9563023],[8.5528547,48.9565225],[8.55324,48.9568028],[8.5537013,48.9571269],[8.5542659,48.9575315],[8.554668,48.9578927],[8.55514,48.9582538],[8.5554538,48.9586236],[8.5557945,48.9590058],[8.5561224,48.9593755],[8.5566982,48.9597435],[8.5572173,48.9600591],[8.557636,48.9603119],[8.5579274,48.9604871],[8.5580863,48.9605465],[8.5584615,48.9606922],[8.5585908,48.9607378],[8.558718,48.9607894],[8.5587972,48.9608215],[8.5584514,48.96105],[8.5588703,48.9613631],[8.5589072,48.9613936],[8.5589843,48.9614574],[8.5591826,48.9616217],[8.5592863,48.9616885],[8.5594499,48.9618427],[8.5589902,48.9623041],[8.5585966,48.9627567],[8.5583542,48.9629882],[8.5582343,48.9631577],[8.5581982,48.9632723],[8.5583747,48.964192],[8.5585134,48.9645643],[8.558625,48.9647357],[8.5585681,48.965225],[8.5584887,48.9658947],[8.5583249,48.9665401],[8.5586704,48.9665524],[8.5590275,48.9665835],[8.5595418,48.9666921],[8.5597907,48.9668339],[8.5601323,48.9670081],[8.560405,48.9673658],[8.5596095,48.9679166],[8.5587057,48.9686422],[8.5583942,48.9689362],[8.557779,48.9695677],[8.5572992,48.9702869],[8.5576206,48.9704307],[8.5577398,48.9705797],[8.5578378,48.9707748],[8.5582478,48.9711924],[8.5584483,48.971335],[8.5586655,48.9714942],[8.558902,48.9716602],[8.5592017,48.9717868],[8.5594774,48.9718883],[8.559802,48.9720124],[8.5602744,48.9721872],[8.5606782,48.9723981],[8.5610382,48.9727121],[8.5611305,48.9727902],[8.5612144,48.9728638],[8.5613602,48.9732112],[8.5615697,48.9734292],[8.5620584,48.9738191],[8.5625214,48.974237],[8.5630242,48.9747262],[8.5630785,48.9748212],[8.5636573,48.9747998],[8.5645798,48.9748402],[8.5650356,48.9748971],[8.5662076,48.9751275],[8.5673001,48.9754385],[8.5683745,48.9759799],[8.5688779,48.9763265],[8.5692499,48.976729],[8.569828,48.9772891],[8.569505,48.9778436],[8.5689791,48.9783879],[8.5689064,48.9785409],[8.5688587,48.9799759],[8.5690073,48.9802571],[8.5696385,48.9812121],[8.5701941,48.9811667],[8.5714913,48.9810499],[8.5718477,48.9810609],[8.5721021,48.9810797],[8.5723366,48.9812027],[8.5726178,48.9814717],[8.5727809,48.9817762],[8.5733428,48.9826356],[8.5733449,48.9828439],[8.5731884,48.9834642],[8.5730664,48.9838719],[8.5730679,48.9841421],[8.5731646,48.9843393],[8.5731183,48.9848113],[8.5730339,48.9851328],[8.5727857,48.9851204],[8.5727676,48.9855277],[8.5732006,48.9861802],[8.5734019,48.9864905],[8.5735918,48.9867066],[8.5739572,48.9871168],[8.5741046,48.9872952],[8.5742645,48.9876827],[8.5744207,48.9879604],[8.574564,48.9881023],[8.5747774,48.9882003],[8.5758465,48.988889],[8.5772265,48.9897378],[8.5778541,48.9894887],[8.5778409,48.989328],[8.5782311,48.9891353],[8.5784259,48.9891431],[8.5787418,48.9892153],[8.5793921,48.9894811],[8.580139,48.9898937],[8.5809404,48.9898155],[8.5821217,48.9896229],[8.5830909,48.9894182],[8.5835935,48.9892865],[8.5841996,48.9892001],[8.5851788,48.9890678],[8.5856445,48.9888958],[8.5861557,48.9886376],[8.5871532,48.988067],[8.5882723,48.987515],[8.589085,48.9872088],[8.5894927,48.9870963],[8.5893559,48.9872035],[8.5883555,48.9875784],[8.5877117,48.9878952],[8.5880179,48.9882578],[8.5883996,48.9886616],[8.5899389,48.9899405],[8.5900886,48.9898823],[8.5911022,48.9904303],[8.591843,48.9891936],[8.5919401,48.9892026],[8.5923271,48.9889557],[8.5923621,48.9875226],[8.5917042,48.9875586],[8.5916669,48.9874403],[8.5928827,48.9873084],[8.5928773,48.9873581],[8.5936348,48.9871618],[8.5935119,48.9870617],[8.5942349,48.986668],[8.5944148,48.9870918],[8.5952072,48.98707],[8.5951784,48.9874511],[8.5952546,48.9879146],[8.5957026,48.9884765],[8.5957735,48.9874387],[8.5958084,48.9874582],[8.5957441,48.9884802],[8.5960197,48.9888562],[8.5965505,48.9891528],[8.5977536,48.9896158],[8.5973644,48.9902824],[8.5998174,48.9916476],[8.5991431,48.9923842],[8.598705,48.9929105],[8.597482,48.9947427],[8.5968602,48.996131],[8.5962612,48.9972414],[8.5957416,48.9975742],[8.5935086,48.9988914],[8.5924074,48.9992429],[8.5905492,48.9997539],[8.5884404,49.0000726],[8.5860014,49.0004761],[8.5832605,49.0008271],[8.5820313,49.0009117],[8.5821263,49.0020594],[8.582413,49.0029937],[8.5826771,49.0032755],[8.5827119,49.003238],[8.5835211,49.0031673],[8.5839389,49.0042742],[8.5835471,49.004144],[8.5834399,49.0040462],[8.5831826,49.0040418],[8.5832371,49.0041532],[8.5839463,49.0043404],[8.5839994,49.0043759],[8.5851431,49.0062585],[8.584435,49.0064021],[8.5842317,49.0061221],[8.5836614,49.0050221],[8.578109,49.0061751],[8.5781932,49.0031314],[8.5776638,49.0032262],[8.5773001,49.0033214],[8.5766456,49.0035651],[8.5757991,49.0036985],[8.5750993,49.0039037],[8.5739103,49.0044074],[8.5727909,49.0048261],[8.5716701,49.0050917],[8.5709476,49.0052123],[8.5701894,49.0052099],[8.569574,49.0054036],[8.5690689,49.0056651],[8.5691649,49.0058582],[8.5670365,49.0061579],[8.567039,49.0062975],[8.5663679,49.0064166],[8.5654635,49.0067435],[8.5651998,49.0065005],[8.563979,49.0069003],[8.563917,49.0069881],[8.5634131,49.0074745],[8.5637011,49.0075585],[8.5646074,49.0075514],[8.5642918,49.0087521],[8.5635136,49.0089038],[8.563253,49.0088891],[8.5632934,49.0089559],[8.5629597,49.009033],[8.5617009,49.0091395],[8.5607552,49.0091467],[8.5605611,49.0088174],[8.5604263,49.0086914],[8.5601055,49.0084664],[8.5596852,49.0087634],[8.5595649,49.0088253],[8.5593987,49.0088631],[8.5578764,49.008851],[8.5571404,49.0098788],[8.5569215,49.0101028],[8.556524,49.010671],[8.5554199,49.0115112],[8.5551204,49.0118509],[8.5545509,49.0125812],[8.5543842,49.0134937],[8.5540471,49.0139444],[8.553877,49.0142731],[8.5537565,49.0147206],[8.5536336,49.0149865],[8.5528412,49.0154328],[8.5530017,49.0155071],[8.5524993,49.0158108],[8.5521919,49.0164024],[8.552047,49.0168705],[8.5518354,49.0172955],[8.5516348,49.0176273],[8.5512928,49.0179838],[8.5510488,49.0183406],[8.5508825,49.0186515],[8.5508506,49.0200576],[8.5507114,49.0204452],[8.5505018,49.0209093],[8.5492735,49.0232218],[8.5487633,49.0240511],[8.5475536,49.0253693],[8.546671,49.0262413],[8.5463538,49.0265975],[8.5433995,49.0282785],[8.5427821,49.0282036],[8.5425164,49.0281899],[8.5417081,49.0282192],[8.5411275,49.0282559],[8.5407455,49.0284006],[8.5393071,49.0287467],[8.5378689,49.0284252],[8.5371547,49.0283062],[8.5366088,49.0282428],[8.5356478,49.0278952],[8.5354554,49.0278382],[8.534386,49.027924],[8.532847,49.0284192],[8.5310043,49.0283764],[8.530982,49.0284749],[8.5292636,49.0284742],[8.5286548,49.0285525],[8.5281244,49.0287184],[8.5274281,49.0290509],[8.5266857,49.0295388],[8.5264825,49.0296695],[8.5259468,49.030013],[8.525409,49.0304362],[8.5249062,49.0307566],[8.5239383,49.0312536],[8.5221647,49.0316079],[8.5212615,49.0315914],[8.5206594,49.0314297],[8.5201664,49.0312284],[8.5198637,49.0310761],[8.5203428,49.0302584],[8.5204839,49.0292246],[8.5203205,49.0288751],[8.5194567,49.0282935],[8.5193798,49.0279458],[8.5202066,49.0272947],[8.5200291,49.0271412],[8.5203066,49.0267149],[8.5207792,49.025994],[8.5223336,49.0250269],[8.522441,49.0240994],[8.5222983,49.0229323],[8.5225826,49.0229384],[8.5221516,49.0223426],[8.5217735,49.0217806],[8.5217572,49.0213956],[8.52169,49.0207466],[8.5216812,49.0206116],[8.5217113,49.0202003],[8.5217604,49.0198421],[8.5218413,49.0196291],[8.5220289,49.0192102],[8.5218314,49.0187729],[8.5219149,49.0184329],[8.5219043,49.0179563],[8.5218919,49.0177211],[8.5218849,49.0175099],[8.5217127,49.0174999],[8.5215743,49.0169922],[8.5215217,49.0164635],[8.5214274,49.0159975],[8.5212864,49.0157076],[8.52126,49.0154992],[8.5212374,49.0154441],[8.5212258,49.0153829],[8.5211752,49.0152074],[8.520845,49.0149551],[8.5211821,49.0148306],[8.5210133,49.0143331],[8.5207685,49.0140937],[8.5206086,49.0139298],[8.5205486,49.0138688],[8.5198677,49.0132808],[8.5192828,49.0127739],[8.5191698,49.0126979],[8.5189928,49.0125719],[8.5189008,49.0125259],[8.5187718,49.0124569],[8.5186208,49.0124189],[8.517547,49.0121479],[8.5165311,49.0118893],[8.5145494,49.011385],[8.5148586,49.0108297],[8.514447,49.0107894],[8.5142981,49.010755],[8.5141668,49.0102667],[8.5138603,49.0102725],[8.5138219,49.0098471],[8.513832,49.0091218],[8.5138405,49.0088633],[8.5138306,49.0084743],[8.5138126,49.0084024],[8.5137476,49.0081354],[8.5137316,49.0080474],[8.5136881,49.0079608],[8.5136392,49.0078635],[8.5141714,49.0078961],[8.5141313,49.007838],[8.5140181,49.0072946],[8.5139887,49.006816],[8.5138908,49.0062114],[8.5138541,49.0059704],[8.5138359,49.0059281],[8.5132741,49.0058904],[8.5131964,49.005246],[8.5131656,49.0048824],[8.5131337,49.004299],[8.5126887,49.0035499],[8.5126304,49.003173],[8.5127742,49.0023716],[8.5130875,49.0017758],[8.5131363,49.0013807],[8.512991,49.0009141],[8.5127408,49.0006242],[8.5126948,49.0005592],[8.5126156,49.0004778],[8.5121992,49.000199],[8.5121025,49.0000358],[8.5119374,48.9997339],[8.5114251,48.9988883],[8.5112534,48.9986797],[8.511062,48.9985644],[8.5090426,48.9980047],[8.508733,48.9984211],[8.5078563,48.9982461],[8.5076915,48.9981009],[8.5062054,48.9976186],[8.5062496,48.9975291],[8.5047321,48.9970089],[8.5025046,48.9963015],[8.5025692,48.9958331],[8.5027847,48.9952343],[8.5027452,48.9949503],[8.5013802,48.9944286],[8.5000278,48.9936052],[8.500033,48.9929958],[8.5000821,48.9924927],[8.5003235,48.9920034],[8.5015949,48.9906975],[8.5018694,48.9902294],[8.5025453,48.9892405],[8.5021423,48.9889315],[8.5025003,48.9881116],[8.5029726,48.9865936],[8.5030718,48.9864033],[8.5041046,48.985541],[8.504538,48.9847316],[8.5052311,48.9833711],[8.5064777,48.9831372],[8.5088384,48.9826642],[8.5104471,48.9824199],[8.5098056,48.981884],[8.5088527,48.9811195],[8.5080742,48.9804611],[8.5080412,48.9799923],[8.5077966,48.9787807],[8.5073667,48.9772018],[8.5071657,48.9770948],[8.5065128,48.9770528],[8.5064618,48.9769579],[8.506193,48.9764457],[8.5057009,48.975508],[8.5069257,48.9749971],[8.5069927,48.9744931],[8.5073437,48.9741882],[8.5077766,48.9740892],[8.5082646,48.9737572],[8.5082616,48.9732803],[8.5087405,48.9723604],[8.5089365,48.9719604],[8.5084005,48.9718384],[8.5084036,48.9711785],[8.5085995,48.9708535],[8.5090945,48.9708925],[8.5091944,48.9701216],[8.5092264,48.9690498],[8.5092294,48.9688398],[8.5093123,48.9679467],[8.5101243,48.9680166],[8.5114636,48.968134],[8.512035,48.9682231],[8.513397,48.9684341],[8.5137828,48.9684374],[8.514954,48.9683108],[8.515406,48.9681687],[8.5157664,48.9680571],[8.5172077,48.9679574],[8.5177231,48.9679181],[8.5183091,48.9677356],[8.5202666,48.9671413],[8.5210281,48.967057],[8.5219187,48.9668806],[8.5235808,48.9665457],[8.5245075,48.9664246],[8.5257456,48.9662771],[8.5276422,48.9660114],[8.5278241,48.9659613]]]}},{"type":"Feature","properties":{"osm_id":158357,"name":"Karlsbad","admin_level":8},"geometry":{"type":"Polygon","coordinates":[[[8.4753583,48.8751774],[8.4758859,48.8744987],[8.4768697,48.8734862],[8.477471,48.872795],[8.4801772,48.8710294],[8.4806587,48.8705628],[8.4812524,48.870054],[8.4817983,48.8698243],[8.4842071,48.8683311],[8.4854063,48.8675186],[8.4861338,48.8669576],[8.4870584,48.8663163],[8.4877379,48.8658846],[8.4890102,48.8651318],[8.4903502,48.8643864],[8.4910402,48.8638075],[8.4918586,48.8627259],[8.4923308,48.8618618],[8.4929976,48.8609158],[8.4950041,48.8595208],[8.4954491,48.8591071],[8.4968584,48.8587147],[8.4971938,48.8585094],[8.497988,48.8585903],[8.4979851,48.8586452],[8.4990853,48.8588035],[8.4991972,48.8588604],[8.4998955,48.858876],[8.5001919,48.8588578],[8.5003463,48.85879],[8.5005508,48.8586203],[8.5007706,48.8583921],[8.5011837,48.858531],[8.5014327,48.8585684],[8.5017964,48.8585627],[8.5022186,48.8585916],[8.5022942,48.858605],[8.5025471,48.8586498],[8.5027689,48.8586117],[8.5029777,48.8584752],[8.5034244,48.8584767],[8.5052119,48.8586615],[8.5053411,48.8586749],[8.5056598,48.8586531],[8.5061264,48.8585478],[8.5064144,48.8586989],[8.5073624,48.8591427],[8.5082497,48.8596469],[8.5085007,48.8598088],[8.5085842,48.8598626],[8.5086354,48.8598957],[8.5088172,48.8600129],[8.5093327,48.8603561],[8.5095481,48.8606616],[8.5096235,48.8607686],[8.5098063,48.8611106],[8.5098501,48.8611446],[8.5102421,48.8614495],[8.5110741,48.8619563],[8.5114623,48.8624187],[8.5119481,48.8629447],[8.5121681,48.8632605],[8.512333,48.8636709],[8.5127924,48.8640868],[8.5131784,48.8643158],[8.5135883,48.8644515],[8.5140607,48.8645916],[8.5146863,48.8648408],[8.5149643,48.8649381],[8.5155111,48.8648815],[8.5157646,48.8649309],[8.5159804,48.8650764],[8.5162348,48.865256],[8.5164563,48.8656716],[8.5164705,48.8656801],[8.5166593,48.865901],[8.5170644,48.8660605],[8.5171772,48.8661049],[8.5172373,48.8661321],[8.5173752,48.8661944],[8.5177684,48.8663725],[8.5181719,48.866579],[8.5186056,48.8670847],[8.5190316,48.8674967],[8.519256,48.8678157],[8.5193365,48.8683477],[8.5193529,48.868656],[8.5194864,48.8688794],[8.5197311,48.8691481],[8.5195386,48.8693406],[8.519549,48.8697699],[8.5196694,48.8700825],[8.5198864,48.8703422],[8.5200912,48.8705053],[8.5203293,48.8706947],[8.520593,48.8711622],[8.5208664,48.8715632],[8.5209669,48.8716796],[8.5212229,48.8719768],[8.5213317,48.872103],[8.5217015,48.8723941],[8.5217096,48.872423],[8.5217657,48.8726201],[8.5215742,48.8728613],[8.5214913,48.8729659],[8.5213135,48.8732634],[8.5212754,48.8735012],[8.5212706,48.8735308],[8.5214014,48.8736739],[8.5214455,48.8737221],[8.5216094,48.8738748],[8.521735,48.8741258],[8.5221103,48.8744633],[8.5227633,48.8749351],[8.5226209,48.8751804],[8.5228348,48.8754948],[8.5227418,48.87568],[8.5228572,48.8759494],[8.5234882,48.8764859],[8.5244087,48.8767395],[8.5248717,48.8773053],[8.5249109,48.877561],[8.5256834,48.8781819],[8.526041,48.8787289],[8.5261219,48.8790829],[8.5262408,48.8793477],[8.5262939,48.8796697],[8.5263546,48.8797419],[8.5265584,48.8799846],[8.5252703,48.8801139],[8.5247019,48.8801683],[8.5236459,48.880394],[8.5225173,48.8806656],[8.5221006,48.8810377],[8.5214991,48.8817481],[8.5209201,48.8823834],[8.519685,48.8835369],[8.5193386,48.8838391],[8.5190348,48.8842535],[8.5186044,48.8849018],[8.5181381,48.8854539],[8.5174987,48.8859995],[8.5167785,48.8867451],[8.5161395,48.887469],[8.5164704,48.8875928],[8.5169639,48.8877774],[8.5169059,48.8880024],[8.5169829,48.8879914],[8.5177991,48.8880542],[8.5177101,48.8883115],[8.5176163,48.8884951],[8.5175509,48.888695],[8.5175733,48.8889323],[8.5175761,48.8890817],[8.5176337,48.8891801],[8.5176846,48.8893265],[8.5177866,48.8900313],[8.5178191,48.8904746],[8.5177983,48.8908897],[8.5178696,48.8915127],[8.5176874,48.8918628],[8.5174453,48.8922881],[8.5173388,48.8924765],[8.5170934,48.8929864],[8.5169495,48.8934463],[8.5166126,48.8941071],[8.5165663,48.8943117],[8.5165417,48.8949079],[8.5166278,48.8951453],[8.5167711,48.8955486],[8.5171336,48.8960369],[8.5174698,48.8964609],[8.5177666,48.89692],[8.5178429,48.897791],[8.5180335,48.8996322],[8.5183163,48.8996389],[8.5183254,48.8996359],[8.5192759,48.8992853],[8.5194743,48.8994453],[8.5195964,48.8995651],[8.5199225,48.8999076],[8.5201706,48.9003538],[8.5223224,48.900862],[8.5226258,48.9004716],[8.5232731,48.8998188],[8.5236658,48.900347],[8.5239548,48.9007462],[8.5245191,48.9015854],[8.5243594,48.901632],[8.5245032,48.9021056],[8.5252016,48.9024251],[8.5257556,48.9025761],[8.526555,48.9026646],[8.5273257,48.9027191],[8.5283763,48.9028768],[8.5291573,48.903422],[8.5303669,48.9043999],[8.5313297,48.9047184],[8.5326252,48.9051997],[8.5339565,48.9033301],[8.5352823,48.9045324],[8.5360493,48.9050885],[8.5371457,48.9062014],[8.5377573,48.9067496],[8.5384184,48.9074643],[8.5384733,48.9075295],[8.5397145,48.9089449],[8.5398317,48.909206],[8.5399845,48.9093773],[8.5404433,48.9096225],[8.5409158,48.9098012],[8.5413048,48.9100097],[8.5410356,48.9114281],[8.5417075,48.9119383],[8.5423857,48.912456],[8.5426022,48.9130229],[8.542436,48.9132274],[8.5432427,48.9135902],[8.5436594,48.9138222],[8.5438959,48.9140056],[8.5423384,48.9141201],[8.5430965,48.9151443],[8.5429889,48.9151537],[8.5433979,48.9157099],[8.5441353,48.9156895],[8.5448243,48.9175048],[8.5443531,48.9181535],[8.5439964,48.918534],[8.5435082,48.9187515],[8.5433706,48.9189201],[8.5434265,48.9192568],[8.5464526,48.919126],[8.5474998,48.9191118],[8.5476888,48.9193088],[8.5477828,48.9198269],[8.5485499,48.9199159],[8.5496016,48.9199356],[8.5503653,48.919593],[8.5516103,48.9197573],[8.5520861,48.9198231],[8.5524819,48.9199006],[8.5529724,48.9200393],[8.5534186,48.9201402],[8.5538553,48.9202128],[8.5534944,48.9207307],[8.5534095,48.9210597],[8.5534256,48.9213629],[8.5534323,48.9217409],[8.5535505,48.9222447],[8.5534885,48.922884],[8.5535545,48.9232386],[8.553639,48.9235072],[8.5538155,48.9241254],[8.5539656,48.9245844],[8.5538156,48.9248568],[8.5538012,48.9251039],[8.5540484,48.9254083],[8.5543963,48.9256604],[8.5544833,48.9261567],[8.5545613,48.9266756],[8.5543927,48.9270719],[8.5540244,48.9276948],[8.5533225,48.9277515],[8.5525026,48.9278395],[8.5520857,48.9278509],[8.5512678,48.9277756],[8.5511944,48.9279575],[8.5497099,48.9278319],[8.5492605,48.9277691],[8.5488054,48.9277282],[8.5480481,48.9276108],[8.5464924,48.9273958],[8.5456126,48.9272936],[8.5439818,48.9270504],[8.5421043,48.9268918],[8.5416751,48.9268178],[8.5413694,48.9268001],[8.5409615,48.9268251],[8.54032,48.9268842],[8.5398653,48.9268935],[8.5394086,48.9269146],[8.5391076,48.9269116],[8.5385816,48.9269545],[8.5370983,48.9270276],[8.5363269,48.9269815],[8.535368,48.9268855],[8.53517,48.926888],[8.5350147,48.9272619],[8.5347301,48.9277659],[8.5345446,48.9280807],[8.5342825,48.9283651],[8.5343792,48.9287549],[8.5343972,48.9291791],[8.5350404,48.9291108],[8.5350178,48.9295248],[8.5363413,48.9301971],[8.5359984,48.9305486],[8.536849,48.9309599],[8.5380473,48.9313868],[8.5397709,48.9319662],[8.5405577,48.9322512],[8.5405634,48.9323845],[8.5412424,48.9326071],[8.5415276,48.9327096],[8.5418747,48.9330019],[8.5408662,48.9333011],[8.5411074,48.9337021],[8.5411388,48.9337486],[8.5412347,48.9338903],[8.5414078,48.9341461],[8.5415598,48.9343733],[8.5416314,48.9344805],[8.5417189,48.9346113],[8.5423537,48.9354812],[8.5428768,48.9355728],[8.5434186,48.9356839],[8.5427239,48.9361701],[8.5423712,48.9367262],[8.5424547,48.9368868],[8.541756,48.9371931],[8.5416199,48.9375135],[8.5411816,48.9378787],[8.5408011,48.9381125],[8.5400204,48.9389213],[8.538926,48.9400841],[8.5387866,48.9402339],[8.5386927,48.9405211],[8.5387141,48.9407113],[8.5387115,48.9408893],[8.5387679,48.9416166],[8.5389794,48.9420647],[8.5391954,48.9424228],[8.5396824,48.9428714],[8.538555,48.9433084],[8.5383741,48.9433787],[8.5379935,48.9435005],[8.5376068,48.9435896],[8.5373386,48.9436287],[8.5371739,48.9436592],[8.537186,48.9439138],[8.5357838,48.9442195],[8.5358954,48.9443997],[8.5363999,48.945153],[8.5359206,48.9453081],[8.5360775,48.9456348],[8.5355081,48.9455847],[8.5353745,48.9456138],[8.5354648,48.9461746],[8.535423,48.9468715],[8.535543,48.947209],[8.5357721,48.947588],[8.5358501,48.9478994],[8.5359542,48.9482436],[8.5360711,48.9486263],[8.536231,48.9491384],[8.5364,48.9495092],[8.5366272,48.9494211],[8.5369663,48.9498621],[8.5371417,48.9503095],[8.5369389,48.9503613],[8.5373026,48.9511835],[8.5375429,48.951741],[8.5377499,48.9522187],[8.5380668,48.9529563],[8.5381567,48.9532624],[8.5380723,48.953724],[8.5381436,48.9538846],[8.5378302,48.9541043],[8.5371798,48.9530807],[8.5367311,48.952408],[8.536584,48.9524507],[8.5330408,48.9531059],[8.5319116,48.9532274],[8.530482,48.9532503],[8.52979,48.9532204],[8.5292867,48.9532076],[8.5274891,48.9528387],[8.5264142,48.9525851],[8.5255173,48.9522939],[8.5254636,48.9523467],[8.5249808,48.9521865],[8.5245517,48.9520121],[8.5239911,48.9516598],[8.5239052,48.9516299],[8.5238248,48.9516369],[8.5236558,48.9515876],[8.5230308,48.9513128],[8.5225802,48.9510944],[8.5215427,48.9505021],[8.5210411,48.9501305],[8.5205047,48.9497606],[8.5201801,48.9495985],[8.5200648,48.9495369],[8.5187478,48.9491405],[8.5183348,48.9490155],[8.5178413,48.948783],[8.5176133,48.9486508],[8.516881,48.9482281],[8.5161112,48.9479269],[8.5161448,48.9478713],[8.5153499,48.9474905],[8.5152055,48.9474045],[8.5150818,48.9471964],[8.5146074,48.9463193],[8.5139297,48.9458644],[8.5136302,48.9457262],[8.5135295,48.945567],[8.5134512,48.9452123],[8.5133301,48.9445336],[8.5133297,48.9441444],[8.5131238,48.9441386],[8.5130391,48.9437751],[8.5128564,48.9435989],[8.512587,48.9434837],[8.5118046,48.943293],[8.5118729,48.943183],[8.5113387,48.9429946],[8.5108215,48.9427398],[8.5101694,48.9425749],[8.5094841,48.9423814],[8.5092842,48.9423693],[8.5068823,48.9426051],[8.5037018,48.9426457],[8.5003727,48.9426145],[8.4979145,48.9425322],[8.49778,48.9425411],[8.496334,48.9424868],[8.4963262,48.9423402],[8.4952748,48.9422645],[8.4950897,48.9421658],[8.4947959,48.9420739],[8.4948014,48.9420268],[8.4929493,48.9418575],[8.4927418,48.9418228],[8.4923525,48.9417353],[8.4916337,48.9415275],[8.4907807,48.9411795],[8.4904964,48.941321],[8.489697,48.9407843],[8.4895764,48.9407567],[8.489457,48.9407655],[8.4894034,48.9408096],[8.4890695,48.9417952],[8.488989,48.9417917],[8.4885652,48.9417213],[8.4875889,48.9415838],[8.4876157,48.9415345],[8.4868523,48.9414573],[8.4870765,48.9408424],[8.4872362,48.9403981],[8.4874783,48.9398981],[8.4880495,48.9388805],[8.4882611,48.9382545],[8.488651,48.9364855],[8.4887979,48.9359958],[8.4889136,48.9353659],[8.4887668,48.9337661],[8.4885727,48.9326598],[8.4877309,48.9309859],[8.4872763,48.930165],[8.4871668,48.9298595],[8.4870788,48.9291845],[8.4870836,48.9286246],[8.4876328,48.9286279],[8.4882978,48.928699],[8.488882,48.9287193],[8.4887711,48.927925],[8.491396,48.9273664],[8.4920398,48.9272082],[8.4918501,48.9261855],[8.4940521,48.9255545],[8.4956778,48.9250138],[8.4944616,48.9233591],[8.4937496,48.9225432],[8.4956187,48.9218562],[8.4935048,48.9190123],[8.4919585,48.9179233],[8.4907439,48.9168287],[8.4882942,48.914338],[8.4854153,48.9112572],[8.4845645,48.9105734],[8.4835067,48.909583],[8.4818839,48.9088044],[8.4799652,48.9077147],[8.4789374,48.9069458],[8.4785779,48.906733],[8.4780099,48.9066891],[8.477709,48.9065662],[8.4775982,48.9062848],[8.4775923,48.9060933],[8.477688,48.905545],[8.4777156,48.9053869],[8.4777603,48.9047636],[8.4777473,48.904481],[8.478037,48.9043768],[8.4776061,48.9035247],[8.4768661,48.9035001],[8.4764852,48.9034731],[8.4764443,48.9035628],[8.4759018,48.9034305],[8.4756887,48.9033533],[8.4750515,48.9036912],[8.4747201,48.9035337],[8.4729548,48.9028905],[8.4722457,48.9026002],[8.471927,48.9029576],[8.4716454,48.9031012],[8.4709771,48.9032793],[8.4704889,48.9033445],[8.4698532,48.9032652],[8.4694831,48.9033163],[8.4686006,48.9035561],[8.466994,48.903951],[8.4665541,48.904018],[8.4663622,48.9040783],[8.4650331,48.9035808],[8.4644416,48.9033594],[8.4629765,48.9032714],[8.461678,48.9030615],[8.4607989,48.9028975],[8.459968,48.9027426],[8.4567365,48.902484],[8.4539912,48.9021273],[8.4537465,48.9019408],[8.4536034,48.9021104],[8.4528717,48.9020686],[8.4523735,48.902132],[8.4523541,48.9021285],[8.4517451,48.9020895],[8.4512285,48.9017963],[8.4507883,48.9013794],[8.4506247,48.9008783],[8.4502008,48.9003288],[8.4501233,48.900274],[8.4499707,48.9002333],[8.449772,48.9002429],[8.4496468,48.900216],[8.4495104,48.9001518],[8.4494326,48.9000293],[8.4493938,48.8997994],[8.4492761,48.8996594],[8.4492356,48.8995665],[8.4492148,48.8993958],[8.4492678,48.8993164],[8.4492223,48.8991356],[8.448965,48.8986232],[8.4488284,48.8984865],[8.4486999,48.8984241],[8.4486025,48.8983359],[8.4482593,48.8979221],[8.4481504,48.8977455],[8.4481683,48.8977047],[8.4482442,48.8976705],[8.4478858,48.8973429],[8.4476664,48.8972286],[8.4476145,48.8971501],[8.4475973,48.8970503],[8.447782,48.8968489],[8.4479268,48.8964117],[8.4486206,48.8958616],[8.4489985,48.8953764],[8.4490412,48.8948118],[8.4496152,48.8932982],[8.4496959,48.8927976],[8.4497582,48.8926876],[8.450193,48.8923281],[8.4504291,48.8919403],[8.450542,48.8916043],[8.4505058,48.890967],[8.4508114,48.8905122],[8.4507625,48.8899044],[8.4507702,48.8894266],[8.450955,48.8882655],[8.4512131,48.887575],[8.4511874,48.8874596],[8.4509278,48.8871246],[8.4507524,48.886733],[8.4507124,48.8865573],[8.4507598,48.8862959],[8.4507271,48.8861255],[8.4506402,48.8860202],[8.4502128,48.885683],[8.4502581,48.8855441],[8.4504,48.8853652],[8.450873,48.8849656],[8.4509739,48.8848259],[8.4511069,48.8845705],[8.4513086,48.884002],[8.4510468,48.8834194],[8.4506196,48.8828948],[8.450606,48.8824524],[8.4506161,48.8823986],[8.4508207,48.882498],[8.4509533,48.8824826],[8.4511199,48.882422],[8.4511516,48.8823606],[8.4514472,48.8823217],[8.4515598,48.882229],[8.4517135,48.8821877],[8.45184,48.8821072],[8.4520863,48.8820663],[8.452234,48.8821331],[8.4523247,48.8821471],[8.4526812,48.8820963],[8.4528916,48.8819604],[8.4531356,48.8818741],[8.4533404,48.8819022],[8.4536796,48.8818688],[8.4539611,48.8817475],[8.4541576,48.8817751],[8.4544682,48.8818864],[8.4547339,48.881925],[8.456141,48.8817825],[8.4563093,48.882332],[8.4564894,48.8824286],[8.45707,48.8822387],[8.4581206,48.8821323],[8.4594617,48.8823332],[8.4601431,48.8822184],[8.4607929,48.881956],[8.4612733,48.8820298],[8.4616699,48.8822601],[8.462228,48.8823166],[8.4628065,48.8821996],[8.4629623,48.8822639],[8.4633339,48.8823607],[8.4638691,48.8823865],[8.4635592,48.8819627],[8.4641629,48.881788],[8.4642727,48.8818489],[8.4649189,48.8817511],[8.465488,48.8817577],[8.4662404,48.8813527],[8.4671722,48.8809718],[8.4679793,48.8807358],[8.4688958,48.8806351],[8.4689114,48.8804163],[8.4692717,48.8801577],[8.4694344,48.8799976],[8.4703168,48.8793769],[8.4704991,48.879088],[8.4701373,48.8788018],[8.47059,48.8785263],[8.471148,48.8783889],[8.4715831,48.8781883],[8.4719066,48.8779638],[8.472317,48.8775655],[8.472703,48.876922],[8.4731469,48.8766284],[8.4736662,48.8760709],[8.4739961,48.8758252],[8.4742566,48.8755642],[8.47489,48.875179],[8.4749815,48.8750926],[8.4753583,48.8751774]]]}},{"type":"Feature","properties":{"osm_id":308274,"name":"Waldbronn","admin_level":8},"geometry":{"type":"Polygon","coordinates":[[[8.478037,48.9043768],[8.4777473,48.904481],[8.4777603,48.9047636],[8.4777156,48.9053869],[8.477688,48.905545],[8.4775923,48.9060933],[8.4775982,48.9062848],[8.477709,48.9065662],[8.4780099,48.9066891],[8.4785779,48.906733],[8.4789374,48.9069458],[8.4799652,48.9077147],[8.4818839,48.9088044],[8.4835067,48.909583],[8.4845645,48.9105734],[8.4854153,48.9112572],[8.4882942,48.914338],[8.4907439,48.9168287],[8.4919585,48.9179233],[8.4935048,48.9190123],[8.4956187,48.9218562],[8.4937496,48.9225432],[8.4944616,48.9233591],[8.4956778,48.9250138],[8.4940521,48.9255545],[8.4918501,48.9261855],[8.4920398,48.9272082],[8.491396,48.9273664],[8.4887711,48.927925],[8.488882,48.9287193],[8.4882978,48.928699],[8.4876328,48.9286279],[8.4870836,48.9286246],[8.4870788,48.9291845],[8.4871668,48.9298595],[8.4872763,48.930165],[8.4877309,48.9309859],[8.4885727,48.9326598],[8.4887668,48.9337661],[8.4889136,48.9353659],[8.4887979,48.9359958],[8.488651,48.9364855],[8.4882611,48.9382545],[8.4880495,48.9388805],[8.4874783,48.9398981],[8.4872362,48.9403981],[8.4870765,48.9408424],[8.4868523,48.9414573],[8.4867007,48.941455],[8.4852,48.9414316],[8.4826547,48.9414581],[8.4814703,48.9413407],[8.4799412,48.9411431],[8.4787486,48.9409574],[8.475474,48.940551],[8.4735302,48.9405041],[8.472181,48.9404481],[8.4704251,48.9404699],[8.4686634,48.9405078],[8.4674489,48.9405101],[8.4663323,48.9405184],[8.4657449,48.9406012],[8.4655008,48.9406611],[8.4649081,48.940647],[8.4634191,48.9407891],[8.4625723,48.9408264],[8.4614101,48.9408896],[8.4614504,48.941256],[8.4609917,48.9408983],[8.4608844,48.9413124],[8.4607878,48.9416947],[8.4607932,48.941892],[8.4607208,48.9419906],[8.4606189,48.9420259],[8.459959,48.9421316],[8.4601629,48.9427253],[8.4604418,48.9435832],[8.460753,48.9446807],[8.459786,48.9447881],[8.4594387,48.944834],[8.459082,48.9448481],[8.4583748,48.9448373],[8.4574753,48.9448516],[8.4569094,48.9448833],[8.4556058,48.9448992],[8.4550238,48.9448481],[8.4550135,48.9457356],[8.4551676,48.9464114],[8.4537043,48.9459356],[8.4526523,48.9456983],[8.4516337,48.9454752],[8.4502211,48.9451366],[8.4492478,48.9449645],[8.4487436,48.9448681],[8.4472958,48.9445837],[8.4467791,48.9441039],[8.4468126,48.9440641],[8.4474755,48.9432811],[8.4483641,48.9420461],[8.4510174,48.9386379],[8.4510134,48.9359791],[8.4521855,48.9344213],[8.4525001,48.9335188],[8.4523903,48.932012],[8.4522526,48.9308504],[8.4520675,48.9303962],[8.4516818,48.9302059],[8.4512909,48.930139],[8.4514326,48.9298657],[8.4511226,48.9297964],[8.4505226,48.9291152],[8.4495161,48.9285106],[8.4491628,48.9283489],[8.4487755,48.9282736],[8.4487366,48.9282196],[8.449026,48.9281609],[8.4492973,48.9280628],[8.449689,48.9278577],[8.4498644,48.9276822],[8.4502343,48.9271274],[8.4508067,48.9264967],[8.4509353,48.9262987],[8.4509805,48.9260186],[8.4508319,48.9253442],[8.4508562,48.9251053],[8.450962,48.9248072],[8.4509153,48.9244805],[8.4509798,48.9240505],[8.4511643,48.9237099],[8.4512242,48.9234892],[8.4512027,48.9231217],[8.4513732,48.9229305],[8.451677,48.9227051],[8.4525517,48.922309],[8.4528238,48.9221555],[8.453396,48.9217248],[8.4535841,48.9216479],[8.4540802,48.9215761],[8.4543583,48.9214807],[8.4545224,48.9213584],[8.4546714,48.9211898],[8.4548822,48.9207972],[8.4552232,48.9205648],[8.4553332,48.9203951],[8.4553072,48.920253],[8.4552051,48.9201153],[8.455112,48.9197384],[8.4551625,48.9195358],[8.4554747,48.9192075],[8.4556725,48.9189479],[8.4555117,48.9185871],[8.4555292,48.9184811],[8.4558531,48.9181143],[8.4560359,48.9178379],[8.4562658,48.9175923],[8.4566439,48.917446],[8.456543,48.9170217],[8.4562771,48.9167246],[8.4557431,48.9159255],[8.4556699,48.9157737],[8.4553775,48.9145778],[8.4549504,48.9141204],[8.4545637,48.9138245],[8.4541406,48.9132842],[8.4536381,48.9127145],[8.4532628,48.9123602],[8.4530837,48.9122321],[8.4529591,48.9120826],[8.4527319,48.9116367],[8.45247,48.9112644],[8.4520447,48.9104078],[8.451828,48.9100789],[8.451691,48.9094803],[8.4516816,48.9091144],[8.4528169,48.907692],[8.4529516,48.9073628],[8.45308,48.906689],[8.4533626,48.9055303],[8.4534163,48.9053729],[8.453721,48.9048144],[8.4537602,48.9046665],[8.4537373,48.9043393],[8.4538095,48.9042038],[8.4534787,48.9038394],[8.4532482,48.9036744],[8.4530806,48.9033333],[8.4531353,48.9030249],[8.4531143,48.9027611],[8.4530435,48.9025942],[8.4524384,48.9021543],[8.4523735,48.902132],[8.4528717,48.9020686],[8.4536034,48.9021104],[8.4537465,48.9019408],[8.4539912,48.9021273],[8.4567365,48.902484],[8.459968,48.9027426],[8.4607989,48.9028975],[8.461678,48.9030615],[8.4629765,48.9032714],[8.4644416,48.9033594],[8.4650331,48.9035808],[8.4663622,48.9040783],[8.4665541,48.904018],[8.466994,48.903951],[8.4686006,48.9035561],[8.4694831,48.9033163],[8.4698532,48.9032652],[8.4704889,48.9033445],[8.4709771,48.9032793],[8.4716454,48.9031012],[8.471927,48.9029576],[8.4722457,48.9026002],[8.4729548,48.9028905],[8.4747201,48.9035337],[8.4750515,48.9036912],[8.4756887,48.9033533],[8.4759018,48.9034305],[8.4764443,48.9035628],[8.4764852,48.9034731],[8.4768661,48.9035001],[8.4776061,48.9035247],[8.478037,48.9043768]]]}},{"type":"Feature","properties":{"osm_id":659819,"name":"Weingarten","admin_level":8},"geometry":{"type":"Polygon","coordinates":[[[8.5655042,49.0679944],[8.5653036,49.068052],[8.5634259,49.0684807],[8.5627684,49.0685982],[8.5613473,49.0685486],[8.5607299,49.0684046],[8.5605436,49.0683612],[8.5601772,49.0683097],[8.5589619,49.0681387],[8.5577722,49.0679713],[8.5570679,49.0686223],[8.5563758,49.0690126],[8.5550183,49.0696631],[8.5545947,49.0702035],[8.5538896,49.0707402],[8.553623,49.0709009],[8.55329,49.0709635],[8.5528938,49.0709486],[8.5527145,49.0709757],[8.5524606,49.0711077],[8.5519334,49.0713906],[8.5507167,49.0715564],[8.5502776,49.0716723],[8.5500427,49.0717602],[8.5494869,49.0721189],[8.5491721,49.0722956],[8.5481517,49.07263],[8.5477922,49.0727361],[8.5470725,49.0729918],[8.5464581,49.0731861],[8.5463757,49.0732086],[8.5462876,49.073237],[8.5461204,49.0733042],[8.5449124,49.0737047],[8.5446227,49.0738319],[8.5440795,49.0740432],[8.5439495,49.0741799],[8.5410076,49.0751764],[8.5404546,49.075343],[8.5393404,49.0753815],[8.53969,49.0756609],[8.5390881,49.0758386],[8.5367333,49.0754324],[8.5355989,49.07535],[8.5350962,49.076071],[8.5345878,49.076801],[8.5339637,49.0779517],[8.5337284,49.0781559],[8.533681,49.0781827],[8.5336293,49.0782161],[8.5326833,49.0788456],[8.5323365,49.0792146],[8.5317418,49.0798474],[8.5306268,49.0820839],[8.5295997,49.0839353],[8.5287643,49.0854741],[8.5287363,49.0855258],[8.5281714,49.0862254],[8.5282035,49.0862892],[8.5279199,49.0867029],[8.5277768,49.0872406],[8.5186854,49.079949],[8.5113907,49.0740051],[8.5059189,49.0743173],[8.5037963,49.0744134],[8.4999334,49.0747116],[8.4973848,49.074949],[8.4951038,49.0751706],[8.494534,49.0753075],[8.4906394,49.0757054],[8.4901302,49.0758501],[8.4895655,49.0759115],[8.4868678,49.0761448],[8.4868408,49.0760976],[8.4866304,49.0757288],[8.4864265,49.075423],[8.486376,49.075243],[8.4863754,49.0749963],[8.4865641,49.0744273],[8.4870293,49.0739071],[8.4875684,49.0735691],[8.4876433,49.0734795],[8.4878169,49.0732715],[8.4881375,49.0728783],[8.4881292,49.0720532],[8.4880369,49.0713882],[8.4879659,49.0711325],[8.4879801,49.0708256],[8.4881718,49.0702071],[8.4882428,49.0695886],[8.4881789,49.0690352],[8.4883421,49.0686214],[8.4887237,49.0680099],[8.4889584,49.0674251],[8.4890177,49.0672209],[8.489039,49.0671131],[8.4890717,49.0669476],[8.4891528,49.0666127],[8.4892812,49.0661999],[8.4893843,49.066136],[8.4900077,49.0654549],[8.490461,49.0652121],[8.4909763,49.0648276],[8.4907536,49.0642877],[8.4906739,49.0641006],[8.4906112,49.0638169],[8.4905411,49.0634977],[8.4903709,49.0631144],[8.4900706,49.0628495],[8.4899036,49.0625689],[8.4894605,49.0619324],[8.4893362,49.0616066],[8.4891114,49.0612779],[8.4889661,49.0611811],[8.4886638,49.0607536],[8.4882107,49.0603376],[8.4876706,49.059848],[8.4872694,49.0594256],[8.4869057,49.0590919],[8.4869044,49.058909],[8.4863716,49.0583275],[8.4864279,49.0580765],[8.4867727,49.0576926],[8.4868311,49.0575901],[8.486986,49.0573817],[8.4871248,49.0572494],[8.4872795,49.056921],[8.4873173,49.0566844],[8.4874824,49.0563069],[8.487733,49.055941],[8.4884119,49.055289],[8.4895997,49.0541822],[8.4898987,49.0535112],[8.4902226,49.0530993],[8.4903366,49.0529843],[8.4904996,49.0525453],[8.4907196,49.0520384],[8.4909553,49.0516461],[8.4911542,49.0513136],[8.4912522,49.0512528],[8.4915876,49.0510149],[8.4918199,49.0508277],[8.4924553,49.0503826],[8.4933262,49.0494707],[8.4937242,49.0490787],[8.4943261,49.0485438],[8.4956009,49.0479109],[8.4966767,49.0473119],[8.4971577,49.047057],[8.4977426,49.046938],[8.4982855,49.046519],[8.4987745,49.0460681],[8.4992884,49.0454582],[8.4998523,49.0449472],[8.5001523,49.0447142],[8.5007842,49.0443443],[8.5010621,49.0441913],[8.50215,49.0437264],[8.5029599,49.0433864],[8.5037888,49.0430584],[8.5043397,49.0428525],[8.5049816,49.0426395],[8.5052826,49.0425276],[8.5051387,49.0423995],[8.5062464,49.0420368],[8.506396,49.0421734],[8.5066181,49.0420597],[8.5070405,49.0406026],[8.5075519,49.0400504],[8.5078026,49.0395344],[8.5084248,49.0381825],[8.5087681,49.0375918],[8.5091179,49.0370015],[8.5092389,49.0367081],[8.5096,49.0362992],[8.509729,49.0361122],[8.5103519,49.0355053],[8.5106738,49.0352733],[8.5111219,49.0350209],[8.511255,49.0349579],[8.5120522,49.0346208],[8.5129782,49.0343549],[8.5136652,49.0341557],[8.5139565,49.0335429],[8.5143412,49.0333496],[8.514663,49.0331805],[8.5155272,49.0326106],[8.5159084,49.0323629],[8.5164953,49.0319362],[8.5165794,49.0317496],[8.5169703,49.031716],[8.5170171,49.0317774],[8.5198637,49.0310761],[8.5201664,49.0312284],[8.5206594,49.0314297],[8.5212615,49.0315914],[8.5221647,49.0316079],[8.5239383,49.0312536],[8.5249062,49.0307566],[8.525409,49.0304362],[8.5259468,49.030013],[8.5264825,49.0296695],[8.5266857,49.0295388],[8.5274281,49.0290509],[8.5281244,49.0287184],[8.5286548,49.0285525],[8.5292636,49.0284742],[8.530982,49.0284749],[8.5310043,49.0283764],[8.532847,49.0284192],[8.534386,49.027924],[8.5354554,49.0278382],[8.5356478,49.0278952],[8.5366088,49.0282428],[8.5371547,49.0283062],[8.5378689,49.0284252],[8.5393071,49.0287467],[8.5407455,49.0284006],[8.5411275,49.0282559],[8.5417081,49.0282192],[8.5425164,49.0281899],[8.5427821,49.0282036],[8.5433995,49.0282785],[8.5434273,49.0284175],[8.5440755,49.0287943],[8.5451918,49.0294113],[8.5459883,49.0296131],[8.5488295,49.0301439],[8.549316,49.0309001],[8.5502907,49.0315089],[8.5511573,49.0332968],[8.5515119,49.0340451],[8.5517235,49.0346256],[8.5521455,49.0352623],[8.5530037,49.0363544],[8.5536316,49.0369473],[8.5541855,49.0371815],[8.5553294,49.0375225],[8.5560168,49.0376283],[8.555984,49.0377643],[8.5573393,49.0380426],[8.559139,49.0384191],[8.5602921,49.0387512],[8.5625136,49.0394875],[8.5640037,49.0402382],[8.5650337,49.0404632],[8.5657632,49.0406988],[8.5660635,49.0403687],[8.5672902,49.0408684],[8.5673322,49.0407836],[8.5677238,49.0408962],[8.5678668,49.0409633],[8.5680787,49.0410864],[8.5683577,49.041264],[8.5691462,49.0416684],[8.5702433,49.0420904],[8.5702755,49.0420464],[8.5723113,49.0424965],[8.5722455,49.0426811],[8.5735295,49.0430822],[8.5758799,49.0437284],[8.5765424,49.0438574],[8.577618,49.0440718],[8.5785889,49.0442177],[8.5801452,49.0443699],[8.5828992,49.0445623],[8.5831072,49.0456005],[8.5836383,49.0462897],[8.5839701,49.0466659],[8.585206,49.0468584],[8.5859658,49.047132],[8.5869206,49.0474695],[8.5875589,49.0477613],[8.5891322,49.048556],[8.5917842,49.0499252],[8.5946474,49.0506178],[8.595108,49.052406],[8.5951223,49.0541401],[8.595068,49.0552529],[8.5950686,49.057208],[8.594644,49.0578936],[8.5943734,49.0582576],[8.5937179,49.0590367],[8.5930791,49.0596255],[8.5928312,49.0600429],[8.592777,49.0606115],[8.5920052,49.0607428],[8.5917409,49.0621746],[8.5916564,49.0625604],[8.5913949,49.0628935],[8.5904652,49.0635842],[8.5899152,49.0639237],[8.5898285,49.0638528],[8.5881641,49.064981],[8.5872664,49.065361],[8.5866332,49.0655793],[8.5858996,49.065617],[8.5844365,49.0655144],[8.5835439,49.0652823],[8.5826687,49.0649978],[8.5825502,49.0651484],[8.5812681,49.064934],[8.5811983,49.0650641],[8.5787733,49.0646035],[8.5776815,49.0643738],[8.5774992,49.0644909],[8.576544,49.0645296],[8.5760021,49.0645475],[8.5760152,49.0645805],[8.5760887,49.065058],[8.5748287,49.0652359],[8.5748703,49.0654826],[8.5749076,49.06562],[8.5712301,49.0663337],[8.5700612,49.0665444],[8.5701777,49.0666795],[8.5655042,49.0679944]]]}},{"type":"Feature","properties":{"osm_id":659820,"name":"Bruchsal","admin_level":8},"geometry":{"type":"MultiPolygon","coordinates":[[[[8.5323156,49.1478341],[8.5327626,49.1477739],[8.5390574,49.1464548],[8.5448922,49.1451944],[8.5449302,49.1452337],[8.5449448,49.1460777],[8.5449222,49.146282],[8.5447787,49.1467569],[8.544281,49.1467401],[8.5441979,49.1467632],[8.5443211,49.1483588],[8.5455941,49.148382],[8.5448709,49.1499273],[8.5447701,49.1500724],[8.5446845,49.1501143],[8.5445778,49.1501307],[8.5436225,49.1500265],[8.5435571,49.1502141],[8.5450418,49.150415],[8.5448496,49.1507734],[8.5448943,49.1512686],[8.5448224,49.1519463],[8.5446653,49.1523233],[8.5445798,49.1529275],[8.5446045,49.1531181],[8.5439278,49.1544719],[8.5418197,49.1539732],[8.541473,49.1544965],[8.5412202,49.155101],[8.5408694,49.1555226],[8.5410213,49.1555966],[8.5412885,49.1559414],[8.541284,49.1560217],[8.5405627,49.1570794],[8.5403897,49.1574972],[8.5403846,49.1577285],[8.540577,49.1581132],[8.5407549,49.1583925],[8.5414804,49.1594262],[8.54354,49.1585918],[8.5435474,49.1587116],[8.5436649,49.1590046],[8.5465151,49.1590272],[8.5465348,49.159409],[8.5476348,49.1594176],[8.5476592,49.1594183],[8.5481098,49.1594296],[8.5488131,49.159466],[8.5496115,49.1595496],[8.5499608,49.1595852],[8.5500833,49.1595963],[8.5501824,49.1596065],[8.5517131,49.1592113],[8.5527373,49.1589468],[8.5545762,49.1584718],[8.5570261,49.1578402],[8.5588678,49.157363],[8.5607207,49.1568843],[8.5613003,49.1580152],[8.5618852,49.1589855],[8.5623725,49.1596437],[8.5629185,49.1604114],[8.5650058,49.1637654],[8.5674475,49.1676861],[8.5708573,49.1725646],[8.5734599,49.1765114],[8.569893,49.1775796],[8.5738926,49.1835935],[8.5797172,49.1929595],[8.5819489,49.1966378],[8.5801854,49.1971473],[8.5683214,49.2004318],[8.5662184,49.1974169],[8.5660888,49.1974334],[8.5657631,49.1969683],[8.5630235,49.1928873],[8.5626571,49.1922866],[8.5623499,49.1917944],[8.5619869,49.1912007],[8.5616338,49.1906185],[8.5613051,49.1901444],[8.5609238,49.1895732],[8.560008,49.1881243],[8.559604,49.1875093],[8.5594489,49.1872574],[8.5593875,49.1871146],[8.5593803,49.1869221],[8.5595108,49.1868783],[8.5597993,49.1868047],[8.5600931,49.185774],[8.560188,49.1854503],[8.5603003,49.1853283],[8.5608497,49.1851691],[8.5622838,49.1848351],[8.5624363,49.1847618],[8.5628746,49.1843926],[8.5631551,49.1841425],[8.5633831,49.1840039],[8.5650964,49.183461],[8.565473,49.1833589],[8.5653802,49.1831539],[8.5640404,49.1811263],[8.5634823,49.1803259],[8.5628219,49.1793638],[8.5623988,49.1786935],[8.5619677,49.178053],[8.5614557,49.1773335],[8.5611644,49.1768896],[8.5608467,49.1763996],[8.5603284,49.1756593],[8.5600107,49.1751716],[8.5597055,49.174723],[8.5568693,49.1705146],[8.5538737,49.1713415],[8.5515144,49.1720419],[8.5504336,49.1723876],[8.5497296,49.1726128],[8.5475015,49.1733777],[8.5460545,49.173907],[8.5447859,49.1743943],[8.5438604,49.1747424],[8.5426617,49.1752286],[8.540643,49.1760277],[8.5394758,49.1765666],[8.5377819,49.1773621],[8.535529,49.1784419],[8.534127,49.1791421],[8.5323572,49.1800524],[8.5317641,49.1803917],[8.5308937,49.1808971],[8.5295758,49.1816564],[8.5290487,49.1819771],[8.5287052,49.182171],[8.5281922,49.1824938],[8.526906,49.1832965],[8.5260497,49.1838315],[8.5252974,49.1843112],[8.5240117,49.1851732],[8.5231249,49.1858068],[8.5226538,49.186157],[8.5220062,49.1866407],[8.5213621,49.1871358],[8.5208291,49.1875594],[8.5202401,49.1879787],[8.5194265,49.1886234],[8.5188243,49.1891183],[8.5182154,49.1896499],[8.5175092,49.1902299],[8.5167168,49.1908974],[8.5160163,49.1914887],[8.5160594,49.1909318],[8.5141296,49.1902797],[8.5131318,49.1899478],[8.5111473,49.1893912],[8.509758,49.1888299],[8.5093319,49.1892267],[8.5091089,49.189496],[8.5089127,49.1897541],[8.5087897,49.1899694],[8.5086793,49.1899426],[8.5081544,49.1897103],[8.508317,49.1895951],[8.508684,49.1893401],[8.5094481,49.1887708],[8.5101948,49.1879909],[8.5107346,49.1874277],[8.5108946,49.1872338],[8.5111579,49.1867022],[8.5113146,49.1864952],[8.5115213,49.1863405],[8.5118746,49.1861989],[8.5121813,49.1861183],[8.5122719,49.1859283],[8.5121043,49.1855003],[8.5122332,49.1851862],[8.5124932,49.1850293],[8.5130565,49.184892],[8.5133232,49.1847112],[8.5134919,49.1845191],[8.5142632,49.1842624],[8.5143613,49.1840811],[8.5143399,49.1838179],[8.5144299,49.1836741],[8.5146666,49.1834322],[8.5149932,49.1829049],[8.5145832,49.1827873],[8.5146599,49.1826819],[8.5151799,49.1824335],[8.5154332,49.18222],[8.5154332,49.1818997],[8.5154864,49.1815646],[8.5156162,49.181465],[8.516024,49.1812986],[8.5163186,49.1811122],[8.5165991,49.180861],[8.5169755,49.1805955],[8.5174288,49.1802216],[8.5176221,49.1799751],[8.5178224,49.1797424],[8.5181475,49.1792271],[8.5184069,49.1790436],[8.5188336,49.1788525],[8.5191413,49.1786866],[8.5192578,49.1784658],[8.5192979,49.1781391],[8.5195619,49.1778618],[8.5198418,49.1776397],[8.5199343,49.1774226],[8.5200098,49.1770004],[8.5200997,49.1767572],[8.5202973,49.1766044],[8.5203987,49.1765135],[8.5205095,49.1763964],[8.5206745,49.1761021],[8.5209507,49.1757835],[8.5213145,49.1754704],[8.5214971,49.1752669],[8.5217711,49.1748576],[8.5211099,49.1746242],[8.5207979,49.1747009],[8.5200923,49.1746089],[8.5195643,49.1746613],[8.5187291,49.1746072],[8.5187924,49.1734244],[8.5188682,49.173328],[8.5190191,49.1732386],[8.5192689,49.17312],[8.5194597,49.1729863],[8.5195706,49.1728118],[8.519724,49.1726465],[8.5198606,49.172502],[8.520212,49.1721968],[8.5178529,49.1684879],[8.5145228,49.1630126],[8.5133124,49.1610277],[8.5230893,49.1582778],[8.5333695,49.1555045],[8.5331127,49.154966],[8.5331058,49.1546772],[8.5328607,49.1539126],[8.5327105,49.153676],[8.5329342,49.1531905],[8.5328958,49.1520647],[8.5328457,49.1518587],[8.5324608,49.1514077],[8.5323185,49.1513518],[8.5322678,49.149668],[8.5321766,49.1490083],[8.5321337,49.1487259],[8.5322169,49.1483908],[8.5323156,49.1478341]]],[[[8.5286247,49.0910062],[8.5291615,49.0905555],[8.5293028,49.0903193],[8.528017,49.0885543],[8.5277713,49.0879246],[8.5277768,49.0872406],[8.5279199,49.0867029],[8.5282035,49.0862892],[8.5281714,49.0862254],[8.5287363,49.0855258],[8.5287643,49.0854741],[8.5295997,49.0839353],[8.5306268,49.0820839],[8.5317418,49.0798474],[8.5323365,49.0792146],[8.5326833,49.0788456],[8.5336293,49.0782161],[8.533681,49.0781827],[8.5337284,49.0781559],[8.5339637,49.0779517],[8.5345878,49.076801],[8.5350962,49.076071],[8.5355989,49.07535],[8.5367333,49.0754324],[8.5390881,49.0758386],[8.53969,49.0756609],[8.5393404,49.0753815],[8.5404546,49.075343],[8.5410076,49.0751764],[8.5439495,49.0741799],[8.5440795,49.0740432],[8.5446227,49.0738319],[8.5449124,49.0737047],[8.5461204,49.0733042],[8.5462876,49.073237],[8.5463757,49.0732086],[8.5464581,49.0731861],[8.5470725,49.0729918],[8.5477922,49.0727361],[8.5481517,49.07263],[8.5491721,49.0722956],[8.5494869,49.0721189],[8.5500427,49.0717602],[8.5502776,49.0716723],[8.5507167,49.0715564],[8.5519334,49.0713906],[8.5524606,49.0711077],[8.5527145,49.0709757],[8.5528938,49.0709486],[8.55329,49.0709635],[8.553623,49.0709009],[8.5538896,49.0707402],[8.5545947,49.0702035],[8.5550183,49.0696631],[8.5563758,49.0690126],[8.5570679,49.0686223],[8.5577722,49.0679713],[8.5589619,49.0681387],[8.5601772,49.0683097],[8.5605436,49.0683612],[8.5607299,49.0684046],[8.5613473,49.0685486],[8.5627684,49.0685982],[8.5634259,49.0684807],[8.5653036,49.068052],[8.5655042,49.0679944],[8.5701777,49.0666795],[8.5700612,49.0665444],[8.5712301,49.0663337],[8.5749076,49.06562],[8.5748703,49.0654826],[8.5748287,49.0652359],[8.5760887,49.065058],[8.5760152,49.0645805],[8.5760021,49.0645475],[8.576544,49.0645296],[8.5774992,49.0644909],[8.5776815,49.0643738],[8.5787733,49.0646035],[8.5811983,49.0650641],[8.5812681,49.064934],[8.5825502,49.0651484],[8.5826687,49.0649978],[8.5835439,49.0652823],[8.5844365,49.0655144],[8.5858996,49.065617],[8.5866332,49.0655793],[8.5872664,49.065361],[8.5881641,49.064981],[8.5898285,49.0638528],[8.5899152,49.0639237],[8.5904652,49.0635842],[8.5913949,49.0628935],[8.5916564,49.0625604],[8.5917409,49.0621746],[8.5920052,49.0607428],[8.592777,49.0606115],[8.5928312,49.0600429],[8.595217,49.0606808],[8.5951388,49.0604133],[8.5954618,49.0600169],[8.5954724,49.0597484],[8.5961025,49.0595449],[8.5962201,49.0595419],[8.5968983,49.0595244],[8.5980073,49.0600188],[8.5989547,49.0602021],[8.6015657,49.0605412],[8.6024681,49.0607221],[8.6029468,49.0608491],[8.6040359,49.0611881],[8.6046154,49.0613223],[8.6053801,49.0612835],[8.6059266,49.0611298],[8.6064592,49.0609214],[8.6068761,49.0611841],[8.6069461,49.0613315],[8.6069727,49.061372],[8.6070606,49.0614534],[8.6072044,49.0615739],[8.6078961,49.0620283],[8.6082761,49.0622773],[8.6085603,49.0624291],[8.6089712,49.0626551],[8.6094145,49.062891],[8.6096778,49.0630592],[8.6097712,49.0631158],[8.6106862,49.0643555],[8.6112837,49.0650733],[8.6119348,49.0650103],[8.6120005,49.0651325],[8.61238,49.0651079],[8.6132606,49.0652602],[8.6142287,49.06541],[8.6149923,49.0654853],[8.6156088,49.0656382],[8.6159041,49.0655978],[8.6169846,49.0654627],[8.6191208,49.0664755],[8.6199999,49.0673494],[8.6209708,49.0680503],[8.6240188,49.0682127],[8.6244985,49.0682882],[8.6265503,49.0686142],[8.6284477,49.0689184],[8.6288022,49.0689625],[8.6290592,49.0687819],[8.6310335,49.0686907],[8.6312918,49.0686929],[8.6315661,49.0687221],[8.6326019,49.0688032],[8.6330986,49.0688491],[8.633586,49.06901],[8.6330448,49.0712],[8.6346386,49.0716208],[8.636337,49.0724537],[8.6371926,49.0728706],[8.6377241,49.0731294],[8.6382627,49.0730111],[8.6385134,49.0730019],[8.6397443,49.0729478],[8.6409865,49.0729994],[8.6415857,49.0730852],[8.6431264,49.0733919],[8.6433038,49.0734406],[8.6440497,49.0738404],[8.6456638,49.0742005],[8.6468538,49.0743927],[8.6467305,49.0749058],[8.6472326,49.0752698],[8.648594,49.0761936],[8.6491157,49.0763783],[8.6495823,49.0765234],[8.6495624,49.0765581],[8.6501867,49.0767894],[8.6497433,49.0772733],[8.6523658,49.0782077],[8.6523972,49.0781758],[8.6528735,49.0783425],[8.6530978,49.0781604],[8.653695,49.0784073],[8.6538743,49.0782734],[8.6539757,49.0783076],[8.6540763,49.0782039],[8.6542106,49.078148],[8.6550052,49.0784459],[8.655233,49.0785259],[8.6557367,49.0789714],[8.6559988,49.0791734],[8.6567294,49.0796495],[8.6580552,49.0803036],[8.658617,49.0808627],[8.6592084,49.081194],[8.6595321,49.0813688],[8.6599469,49.0815078],[8.6604447,49.0815552],[8.6606222,49.0822737],[8.6610812,49.0827637],[8.6623246,49.0837309],[8.6629184,49.0839769],[8.6638328,49.0841614],[8.6647886,49.0842338],[8.6656393,49.0841932],[8.6663221,49.0842696],[8.6667954,49.08437],[8.6676888,49.0844857],[8.6681788,49.0845665],[8.6694788,49.0848023],[8.6704955,49.0850075],[8.6711155,49.0851014],[8.6722822,49.0851822],[8.6732038,49.0852502],[8.6733004,49.0852701],[8.6735314,49.0853365],[8.6740572,49.0855032],[8.6744114,49.0856195],[8.6747194,49.0857549],[8.6750754,49.0859176],[8.675278,49.0860018],[8.6754618,49.0861284],[8.6757402,49.0863412],[8.6761506,49.0867131],[8.6763368,49.0868984],[8.6765796,49.0870543],[8.6768777,49.0873016],[8.6771547,49.0875004],[8.6774824,49.0876671],[8.6777982,49.0878184],[8.678239,49.0879635],[8.6784535,49.0880746],[8.6798819,49.088635],[8.6816049,49.0892431],[8.681758,49.0893054],[8.6820316,49.0894898],[8.6823002,49.0896327],[8.6824463,49.089696],[8.6826632,49.0897762],[8.6829122,49.0898505],[8.6835801,49.0900479],[8.6846007,49.0903396],[8.6850108,49.0904647],[8.6853853,49.0906254],[8.685388,49.0912766],[8.6851617,49.0918585],[8.6850745,49.0920916],[8.685069,49.0924852],[8.6851051,49.0926519],[8.6854233,49.0929158],[8.6857486,49.0932091],[8.686165,49.0936026],[8.6865309,49.0939626],[8.6866311,49.0940104],[8.6867125,49.0940965],[8.6868273,49.0941785],[8.6869233,49.0943021],[8.6870585,49.0945641],[8.6871471,49.0948173],[8.6875545,49.095664],[8.6875856,49.0958233],[8.6876814,49.0960584],[8.6877906,49.0965938],[8.6878293,49.0974806],[8.6879412,49.0978851],[8.6880121,49.0980707],[8.6882237,49.0985005],[8.6883161,49.0987279],[8.6884726,49.098869],[8.689128,49.0994972],[8.6891656,49.0996539],[8.6893014,49.1004277],[8.6895494,49.100995],[8.6896709,49.1015037],[8.6896914,49.1021267],[8.6896815,49.1027625],[8.6895269,49.1030653],[8.6891235,49.1035727],[8.6887953,49.1040424],[8.6886024,49.1042428],[8.6884578,49.1044418],[8.6880967,49.1047874],[8.6877788,49.1046393],[8.6873802,49.1050004],[8.6869846,49.1053348],[8.6866333,49.1056228],[8.6858028,49.1062952],[8.6855866,49.1064319],[8.6850053,49.1066754],[8.6838936,49.107092],[8.6834615,49.1072929],[8.6830189,49.1075498],[8.6827092,49.1077746],[8.6819042,49.1086117],[8.6815201,49.108967],[8.6812132,49.109269],[8.681161,49.1093988],[8.6811401,49.1096042],[8.6810983,49.1098357],[8.6806724,49.1106488],[8.6801026,49.1117417],[8.6799292,49.1120604],[8.6793727,49.1131449],[8.6792278,49.11342],[8.6792278,49.1135676],[8.6792471,49.1136589],[8.679482,49.1136937],[8.6795926,49.114161],[8.6796219,49.1144807],[8.6795655,49.114892],[8.6794888,49.1152815],[8.6793901,49.1155766],[8.6791605,49.1161327],[8.678958,49.1164743],[8.6787242,49.1167926],[8.6785999,49.1169888],[8.6779784,49.118149],[8.6779304,49.1184004],[8.6776066,49.1188909],[8.6770787,49.1188376],[8.6754668,49.1186775],[8.6751287,49.1185831],[8.6742113,49.1183478],[8.6740631,49.1183012],[8.6739212,49.1182644],[8.6737291,49.1182507],[8.6730987,49.1182589],[8.6729068,49.1182681],[8.6728294,49.118319],[8.6724745,49.1185882],[8.6720361,49.1189202],[8.6718169,49.1190349],[8.671675,49.1191565],[8.6715142,49.1193164],[8.6712094,49.1195705],[8.6710092,49.1197095],[8.6710591,49.1198629],[8.6707815,49.12002],[8.6699465,49.1203971],[8.6691887,49.1207455],[8.668696,49.1209723],[8.6682472,49.1211294],[8.6679529,49.1212182],[8.6676564,49.1213193],[8.6674894,49.1213986],[8.6669007,49.121736],[8.6664373,49.1219286],[8.6662118,49.121997],[8.6657254,49.122247],[8.6654544,49.1224044],[8.6653351,49.1224806],[8.6652411,49.1225134],[8.6650929,49.1225503],[8.6649827,49.1225599],[8.6637151,49.1224136],[8.6634458,49.1223945],[8.6626839,49.1223631],[8.6624347,49.1222545],[8.6623174,49.1222034],[8.6620305,49.1222087],[8.661876,49.1222306],[8.6611474,49.1223891],[8.6601955,49.1225744],[8.6588553,49.1227497],[8.6579618,49.1228467],[8.6570394,49.1229454],[8.6562542,49.1230462],[8.6554473,49.1231078],[8.6546844,49.1231227],[8.6540581,49.1231568],[8.6538678,49.1231461],[8.6536751,49.1231756],[8.6534716,49.1232042],[8.6532842,49.1233076],[8.6527646,49.1229957],[8.652304,49.1233057],[8.6521505,49.1233037],[8.6517012,49.1236267],[8.6512727,49.1234366],[8.6507836,49.1235337],[8.6500618,49.1235366],[8.6495688,49.1235279],[8.6491145,49.1235416],[8.6488971,49.1236496],[8.6488307,49.1237858],[8.6480676,49.1240331],[8.6477822,49.1241277],[8.6475964,49.1241892],[8.6470865,49.1243595],[8.6471549,49.1245687],[8.6471332,49.1248204],[8.6466966,49.1247661],[8.6458875,49.124937],[8.6462894,49.1252593],[8.6455511,49.1260038],[8.6450018,49.1261625],[8.6449706,49.1266981],[8.6451435,49.127171],[8.6452705,49.1274972],[8.6454612,49.1279402],[8.6456143,49.1284736],[8.6457509,49.129214],[8.6458155,49.1295958],[8.6458045,49.1296727],[8.6457822,49.129876],[8.6455954,49.1301923],[8.6452489,49.1306185],[8.6451027,49.1308616],[8.6450406,49.1311988],[8.645061,49.1315856],[8.6447065,49.1319891],[8.6436417,49.1330391],[8.6433367,49.1333449],[8.6432399,49.1335161],[8.6431613,49.1337901],[8.6431436,49.134295],[8.6429095,49.1349344],[8.6428201,49.1357653],[8.6426149,49.1364933],[8.642601,49.1369545],[8.6425426,49.1372386],[8.6423735,49.1376319],[8.6422258,49.1379719],[8.6419936,49.1385388],[8.6416241,49.1391042],[8.6410145,49.1396915],[8.6408546,49.1399045],[8.6408134,49.1398803],[8.6407615,49.1401333],[8.6407445,49.1403869],[8.6407476,49.1408836],[8.6407337,49.1410803],[8.6406849,49.1412739],[8.6406372,49.141398],[8.6405763,49.1415204],[8.6403608,49.1419273],[8.6402812,49.1420996],[8.6400349,49.1427103],[8.6399856,49.1428324],[8.6399438,49.1429356],[8.6395787,49.1438758],[8.6395435,49.1439668],[8.6395291,49.144004],[8.6395131,49.1440454],[8.6390577,49.145139],[8.6389935,49.1452765],[8.6389193,49.1454118],[8.6386474,49.1458667],[8.6384197,49.14621],[8.6383257,49.1463792],[8.6382518,49.1465189],[8.6382201,49.1464297],[8.6381413,49.1463163],[8.637665,49.1457915],[8.6376381,49.1457618],[8.6375222,49.145634],[8.6374688,49.145575],[8.6373798,49.145477],[8.637068,49.1452289],[8.6369714,49.1451521],[8.6365528,49.144819],[8.6364746,49.1447568],[8.6364085,49.1447038],[8.6363415,49.1446504],[8.6363069,49.1446226],[8.6362096,49.1445449],[8.6361619,49.1445067],[8.6360904,49.1444495],[8.6345994,49.1454991],[8.6343199,49.1453962],[8.6342646,49.1453757],[8.6341395,49.1453297],[8.6340255,49.1452893],[8.6338481,49.1452263],[8.6336687,49.1451565],[8.6336005,49.1451213],[8.6335071,49.1450732],[8.6334156,49.145026],[8.6333186,49.1449762],[8.6332271,49.144929],[8.6331114,49.1448694],[8.6329903,49.1448071],[8.6328996,49.1447604],[8.6327875,49.1447026],[8.6326584,49.1446361],[8.6325826,49.1445971],[8.6324397,49.1445235],[8.6323612,49.144483],[8.6322758,49.1444391],[8.6321694,49.1443843],[8.632151,49.1443748],[8.6319974,49.1442929],[8.6318893,49.1442351],[8.6317778,49.1441755],[8.631705,49.1441367],[8.6314602,49.1440059],[8.6313145,49.1439348],[8.6311231,49.1438413],[8.6306553,49.1436128],[8.6305555,49.143564],[8.6304665,49.1435206],[8.6304277,49.1435006],[8.6302687,49.1434187],[8.6300782,49.1433205],[8.6297388,49.1431455],[8.629658,49.1431619],[8.6290187,49.143824],[8.628989,49.1438547],[8.6286344,49.1442535],[8.6285219,49.1443329],[8.6267497,49.1455733],[8.6267554,49.1456224],[8.6266289,49.1455535],[8.6264526,49.1454579],[8.6261785,49.1453091],[8.6260836,49.1452574],[8.6245606,49.1444304],[8.6245393,49.1443379],[8.6244038,49.1444739],[8.622605,49.1459265],[8.6225828,49.1459865],[8.6225921,49.1460452],[8.6226287,49.1461702],[8.6226367,49.1462347],[8.6226165,49.1462988],[8.6225671,49.1463553],[8.62238,49.1464951],[8.6221794,49.1466368],[8.6219718,49.1467705],[8.6218005,49.1468913],[8.621592,49.1470457],[8.6213913,49.1472045],[8.6212046,49.1473706],[8.6210308,49.147543],[8.620952,49.1476258],[8.6208643,49.1477182],[8.6208475,49.1477351],[8.6207854,49.1477976],[8.6207373,49.147846],[8.6205996,49.1479689],[8.6205812,49.1479819],[8.620527,49.1480202],[8.6204974,49.1480412],[8.6203525,49.1481278],[8.6201883,49.1482257],[8.6201267,49.1482624],[8.6200581,49.1483033],[8.6199848,49.1483471],[8.6199618,49.1483614],[8.6199151,49.1483903],[8.6198491,49.1484357],[8.6198633,49.1484443],[8.619587,49.148655],[8.6195476,49.1486812],[8.6194252,49.1487624],[8.6193538,49.1488061],[8.6190506,49.1489915],[8.6188055,49.1492051],[8.6186578,49.1493115],[8.6185351,49.1494225],[8.6185085,49.1494719],[8.6185208,49.1495239],[8.6185868,49.1495826],[8.6186432,49.149646],[8.6186657,49.1497179],[8.6186557,49.149806],[8.6187278,49.1498598],[8.6186272,49.1499448],[8.61847,49.1500771],[8.6182393,49.1499129],[8.6180932,49.1498177],[8.6178548,49.14965],[8.6178352,49.1496361],[8.6176752,49.1495169],[8.6174539,49.1493387],[8.6173493,49.1492485],[8.6173117,49.1492161],[8.6171781,49.1490858],[8.6171649,49.149073],[8.6170644,49.1489712],[8.6169615,49.1488668],[8.6162696,49.1490076],[8.6159581,49.148654],[8.6157446,49.1486249],[8.6128087,49.1475608],[8.6077139,49.1493002],[8.6062773,49.1496175],[8.6058335,49.1496757],[8.6054511,49.1496617],[8.6050544,49.1495333],[8.6037465,49.1485439],[8.6039164,49.1484479],[8.6029271,49.1477595],[8.601514,49.146748],[8.6006649,49.1461664],[8.5997741,49.1455711],[8.5991163,49.1451971],[8.599005,49.1452838],[8.5982162,49.1449126],[8.5976305,49.1446269],[8.5965621,49.1441661],[8.5956539,49.1437669],[8.5950345,49.1434134],[8.5946692,49.1431488],[8.5944571,49.1428819],[8.5941022,49.1424463],[8.5939005,49.1420107],[8.5936187,49.1413834],[8.5932867,49.1405726],[8.5927002,49.1407927],[8.5922236,49.1400012],[8.5916356,49.1398917],[8.5914396,49.1396664],[8.5890314,49.1373435],[8.5889834,49.1372972],[8.5878496,49.1379454],[8.5877634,49.1380173],[8.5868955,49.1387365],[8.5867472,49.1388669],[8.5854419,49.139942],[8.5847149,49.1393355],[8.5844312,49.1395153],[8.5830917,49.1385794],[8.5830956,49.1385894],[8.5822775,49.1392298],[8.5819636,49.139026],[8.5815776,49.1393904],[8.5797623,49.1380308],[8.5801275,49.1377281],[8.5801144,49.1376796],[8.5781296,49.138091],[8.5753101,49.138702],[8.5753295,49.1387616],[8.5754331,49.1387826],[8.5763639,49.139683],[8.5765119,49.1397752],[8.5765386,49.1398108],[8.576552,49.1398317],[8.5765428,49.1398553],[8.5765201,49.139873],[8.576484,49.1398669],[8.5763948,49.1398959],[8.5761408,49.1403345],[8.5756744,49.1410666],[8.5757087,49.1410752],[8.5755301,49.141337],[8.5752347,49.141625],[8.5752762,49.1416301],[8.575411,49.1417719],[8.5757454,49.1419739],[8.5760374,49.1422847],[8.576199,49.1425436],[8.5763431,49.1428101],[8.5763962,49.1429473],[8.5763907,49.1431009],[8.576373,49.1432132],[8.5762718,49.1433252],[8.5761415,49.1434207],[8.5759235,49.1434966],[8.5759484,49.1438404],[8.5760849,49.1438264],[8.5762254,49.1438393],[8.5763629,49.1438681],[8.5765163,49.1439254],[8.576624,49.1439825],[8.5768484,49.1442793],[8.5770867,49.144523],[8.5772075,49.1446245],[8.5774353,49.1448506],[8.5781124,49.1462627],[8.5762829,49.1470327],[8.5759725,49.1474343],[8.5759464,49.1475615],[8.5759154,49.1477222],[8.5750616,49.1464206],[8.5706822,49.1395146],[8.5591946,49.1419609],[8.5571121,49.1424101],[8.5569156,49.1424525],[8.5568713,49.1423689],[8.5565272,49.1417194],[8.5557546,49.140475],[8.5549057,49.1391234],[8.5536421,49.137068],[8.5529924,49.1371739],[8.5526336,49.1366311],[8.5519621,49.1354161],[8.5517157,49.1348994],[8.551246,49.1336015],[8.5513736,49.1335777],[8.5513678,49.1335319],[8.5513632,49.1335212],[8.5513568,49.1335009],[8.55126,49.1335049],[8.5512313,49.1334502],[8.5512178,49.1334502],[8.5509728,49.1326982],[8.55102,49.1325528],[8.5507742,49.130974],[8.5506828,49.1304713],[8.5505891,49.129763],[8.5505488,49.128806],[8.5505747,49.1278194],[8.5506245,49.1269013],[8.5488503,49.1268788],[8.548546,49.1270299],[8.5480912,49.127387],[8.547671,49.1277045],[8.5470816,49.1281477],[8.5468234,49.1282467],[8.5449772,49.1263593],[8.5451117,49.1262456],[8.5433632,49.1244416],[8.5441536,49.1237539],[8.5408917,49.1213634],[8.5402149,49.121927],[8.5393107,49.121641],[8.5384388,49.1213054],[8.5375141,49.1208514],[8.5363614,49.1202102],[8.53426,49.1190772],[8.5333923,49.1185595],[8.532841,49.1182416],[8.5337618,49.1177974],[8.5334058,49.1175953],[8.5316027,49.1184276],[8.5310498,49.1179846],[8.5292972,49.1188098],[8.5290054,49.1184472],[8.527961,49.117468],[8.5279154,49.1173364],[8.5274505,49.1171506],[8.5271003,49.1169753],[8.5263679,49.1165217],[8.526179,49.1164773],[8.5261233,49.1164615],[8.5260034,49.1164276],[8.525867,49.1163811],[8.5246845,49.1158433],[8.5244712,49.1157462],[8.5238505,49.1172088],[8.5212508,49.1150236],[8.5209547,49.1147828],[8.5207275,49.1145565],[8.5205226,49.1142847],[8.5179632,49.1153685],[8.5180072,49.1150334],[8.5169058,49.1149657],[8.5169478,49.1145736],[8.5170237,49.1139582],[8.5170498,49.1135134],[8.5169573,49.1130764],[8.5168212,49.1125772],[8.5166369,49.1120592],[8.5164174,49.1115567],[8.516163,49.1110608],[8.515959,49.1106292],[8.5158125,49.1102577],[8.5155489,49.1094603],[8.5162262,49.1092514],[8.5152794,49.1070902],[8.5147048,49.1071084],[8.5146306,49.1068018],[8.5146078,49.1067079],[8.5145769,49.1063104],[8.5145639,49.105891],[8.5150123,49.1040847],[8.5149873,49.103838],[8.5149121,49.1036588],[8.5150802,49.1036631],[8.5151111,49.1037473],[8.515993,49.1037965],[8.5169507,49.1038907],[8.5180476,49.1040692],[8.5193067,49.1043313],[8.5193094,49.1034079],[8.5192924,49.1027731],[8.5192122,49.1005474],[8.5191737,49.1003294],[8.5191833,49.10012],[8.5192218,49.0998026],[8.5192285,49.0996364],[8.5192446,49.0995383],[8.519296,49.0994637],[8.5193632,49.0993383],[8.5200014,49.0989507],[8.5202059,49.0988426],[8.5206725,49.0984824],[8.5207293,49.0984158],[8.5208546,49.0984762],[8.521144,49.0981698],[8.5213824,49.0979319],[8.521543,49.0976276],[8.5218492,49.0974476],[8.5218906,49.0972814],[8.5218754,49.0970982],[8.5218382,49.0968215],[8.5220319,49.0965028],[8.5220211,49.0961383],[8.5221181,49.0957911],[8.5220787,49.0956045],[8.52193,49.0953604],[8.52191,49.0950446],[8.5217552,49.0949748],[8.521163,49.0945103],[8.5210663,49.0942353],[8.5209569,49.0941718],[8.5208603,49.0939393],[8.5207632,49.0936698],[8.5207572,49.0934396],[8.5206891,49.0931324],[8.5211703,49.0932444],[8.5215228,49.093334],[8.5216182,49.0931933],[8.5224699,49.0934937],[8.5226112,49.092853],[8.5230985,49.0920076],[8.5236527,49.0913811],[8.5241104,49.0910219],[8.5246973,49.0907564],[8.5254544,49.0905539],[8.5259482,49.0905486],[8.5267172,49.0907003],[8.5278351,49.0908877],[8.5286247,49.0910062]]]]}},{"type":"Feature","properties":{"osm_id":659821,"name":"Stutensee","admin_level":8},"geometry":{"type":"Polygon","coordinates":[[[8.4484066,49.0510084],[8.4491745,49.0503795],[8.4493284,49.0502645],[8.4494564,49.0501695],[8.4504633,49.0495936],[8.4506433,49.0494906],[8.4509342,49.0493226],[8.4511832,49.0491776],[8.45285,49.0482507],[8.4538381,49.047578],[8.4543994,49.0472744],[8.4547532,49.0470721],[8.4548921,49.0469927],[8.4549847,49.0469423],[8.4564232,49.0461798],[8.4584344,49.0451],[8.4587035,49.044956],[8.458972,49.0448164],[8.4605494,49.0439682],[8.4608227,49.0439314],[8.460835,49.0443076],[8.4608448,49.0445444],[8.460859,49.0449447],[8.4609701,49.0449335],[8.4609734,49.0450159],[8.4613056,49.044969],[8.4636355,49.0446549],[8.463708,49.0454548],[8.4637254,49.0456327],[8.4637331,49.0457182],[8.4648545,49.0455646],[8.4661812,49.045341],[8.4661576,49.0443377],[8.4664845,49.044232],[8.466529,49.0438523],[8.4666003,49.0435976],[8.4663845,49.0431398],[8.4674971,49.0429863],[8.4679008,49.0432493],[8.4681366,49.0428513],[8.4688771,49.0430181],[8.4690598,49.0431008],[8.4693843,49.0433462],[8.4695562,49.0434935],[8.4696931,49.0436637],[8.4697751,49.0436126],[8.4700324,49.0433382],[8.4696632,49.042608],[8.4698925,49.0425528],[8.4697226,49.0421175],[8.4696101,49.0417792],[8.4695298,49.0415026],[8.4695414,49.0412931],[8.4696558,49.0408266],[8.469948,49.0404684],[8.4703655,49.0399807],[8.4704775,49.0398547],[8.4705985,49.0397054],[8.4708881,49.0395296],[8.4711805,49.0394293],[8.4715986,49.0393695],[8.4717798,49.0393273],[8.4717806,49.0393811],[8.4719808,49.0394918],[8.4723341,49.0396331],[8.4726567,49.0398388],[8.4728556,49.0400071],[8.473127,49.0403062],[8.474271,49.0419948],[8.4749059,49.0417069],[8.4754572,49.0417708],[8.4755367,49.0424891],[8.4754789,49.0427238],[8.4754728,49.0429818],[8.475426,49.0432327],[8.4753976,49.0433528],[8.4755157,49.0438995],[8.4757087,49.0442683],[8.4771165,49.0436771],[8.477454,49.0450012],[8.4775349,49.0453085],[8.4777301,49.045852],[8.4778863,49.0462892],[8.4780018,49.0466267],[8.4780874,49.0470193],[8.478056,49.0472307],[8.4780304,49.0474771],[8.4779774,49.047765],[8.4779796,49.0479709],[8.4781002,49.0485393],[8.4781124,49.048849],[8.4781201,49.0489236],[8.4782331,49.0494102],[8.478416,49.0498173],[8.4788655,49.0506572],[8.4801661,49.0527633],[8.4803194,49.0529968],[8.4806466,49.05349],[8.4811253,49.0542931],[8.4799879,49.0547244],[8.4801942,49.0549673],[8.4803685,49.0551761],[8.4804532,49.0552966],[8.4804163,49.055493],[8.4803811,49.0558581],[8.4802887,49.0565986],[8.4802638,49.0570492],[8.4804276,49.0574243],[8.4805781,49.0576263],[8.4807096,49.0577796],[8.4806484,49.0580802],[8.4805458,49.0582509],[8.4801888,49.0586358],[8.4799094,49.0587789],[8.4790724,49.0589166],[8.4775667,49.0598364],[8.4786302,49.0600581],[8.4791928,49.0601719],[8.4794488,49.0602706],[8.4799989,49.0603803],[8.480746,49.0605384],[8.4811025,49.0606948],[8.4816421,49.0609415],[8.4821577,49.0611585],[8.4823769,49.0612666],[8.4825305,49.0612934],[8.4827276,49.0612104],[8.482917,49.0611125],[8.4833296,49.060759],[8.4843364,49.0597175],[8.4846594,49.0589396],[8.4849243,49.0586916],[8.4856092,49.0584087],[8.4857522,49.0583517],[8.4864279,49.0580765],[8.4863716,49.0583275],[8.4869044,49.058909],[8.4869057,49.0590919],[8.4872694,49.0594256],[8.4876706,49.059848],[8.4882107,49.0603376],[8.4886638,49.0607536],[8.4889661,49.0611811],[8.4891114,49.0612779],[8.4893362,49.0616066],[8.4894605,49.0619324],[8.4899036,49.0625689],[8.4900706,49.0628495],[8.4903709,49.0631144],[8.4905411,49.0634977],[8.4906112,49.0638169],[8.4906739,49.0641006],[8.4907536,49.0642877],[8.4909763,49.0648276],[8.490461,49.0652121],[8.4900077,49.0654549],[8.4893843,49.066136],[8.4892812,49.0661999],[8.4891528,49.0666127],[8.4890717,49.0669476],[8.489039,49.0671131],[8.4890177,49.0672209],[8.4889584,49.0674251],[8.4887237,49.0680099],[8.4883421,49.0686214],[8.4881789,49.0690352],[8.4882428,49.0695886],[8.4881718,49.0702071],[8.4879801,49.0708256],[8.4879659,49.0711325],[8.4880369,49.0713882],[8.4881292,49.0720532],[8.4881375,49.0728783],[8.4878169,49.0732715],[8.4876433,49.0734795],[8.4875684,49.0735691],[8.4870293,49.0739071],[8.4865641,49.0744273],[8.4863754,49.0749963],[8.486376,49.075243],[8.4864265,49.075423],[8.4866304,49.0757288],[8.4868408,49.0760976],[8.4868678,49.0761448],[8.4895655,49.0759115],[8.4901302,49.0758501],[8.4906394,49.0757054],[8.494534,49.0753075],[8.4951038,49.0751706],[8.4973848,49.074949],[8.4999334,49.0747116],[8.5037963,49.0744134],[8.5059189,49.0743173],[8.5113907,49.0740051],[8.5186854,49.079949],[8.5277768,49.0872406],[8.5277713,49.0879246],[8.528017,49.0885543],[8.5293028,49.0903193],[8.5291615,49.0905555],[8.5286247,49.0910062],[8.5278351,49.0908877],[8.5267172,49.0907003],[8.5259482,49.0905486],[8.5254544,49.0905539],[8.5246973,49.0907564],[8.5241104,49.0910219],[8.5236527,49.0913811],[8.5230985,49.0920076],[8.5226112,49.092853],[8.5224699,49.0934937],[8.5216182,49.0931933],[8.5215228,49.093334],[8.5211703,49.0932444],[8.5206891,49.0931324],[8.5207572,49.0934396],[8.5207632,49.0936698],[8.5208603,49.0939393],[8.5209569,49.0941718],[8.5210663,49.0942353],[8.521163,49.0945103],[8.5217552,49.0949748],[8.52191,49.0950446],[8.52193,49.0953604],[8.5220787,49.0956045],[8.5221181,49.0957911],[8.5220211,49.0961383],[8.5220319,49.0965028],[8.5218382,49.0968215],[8.5218754,49.0970982],[8.5218906,49.0972814],[8.5218492,49.0974476],[8.521543,49.0976276],[8.5213824,49.0979319],[8.521144,49.0981698],[8.5208546,49.0984762],[8.5207293,49.0984158],[8.5206725,49.0984824],[8.5202059,49.0988426],[8.5200014,49.0989507],[8.5193632,49.0993383],[8.519296,49.0994637],[8.5192446,49.0995383],[8.5192285,49.0996364],[8.5192218,49.0998026],[8.5191833,49.10012],[8.5191737,49.1003294],[8.5192122,49.1005474],[8.5192924,49.1027731],[8.5193094,49.1034079],[8.5193067,49.1043313],[8.5180476,49.1040692],[8.5169507,49.1038907],[8.515993,49.1037965],[8.5151111,49.1037473],[8.5150802,49.1036631],[8.5149121,49.1036588],[8.5149873,49.103838],[8.5150123,49.1040847],[8.5145639,49.105891],[8.5145769,49.1063104],[8.5146078,49.1067079],[8.5146306,49.1068018],[8.5147048,49.1071084],[8.5152794,49.1070902],[8.5162262,49.1092514],[8.5155489,49.1094603],[8.5158125,49.1102577],[8.515959,49.1106292],[8.516163,49.1110608],[8.5164174,49.1115567],[8.5166369,49.1120592],[8.5168212,49.1125772],[8.5169573,49.1130764],[8.5170498,49.1135134],[8.5170237,49.1139582],[8.5169478,49.1145736],[8.5169058,49.1149657],[8.5180072,49.1150334],[8.5179632,49.1153685],[8.5175854,49.1155694],[8.5173762,49.1158431],[8.5172256,49.1162591],[8.5169577,49.1174086],[8.5172583,49.1174874],[8.5171069,49.118191],[8.5169936,49.1186484],[8.5164777,49.1186743],[8.516148,49.1187708],[8.5160249,49.1191985],[8.5157596,49.1198665],[8.5154139,49.1206749],[8.5152129,49.1212865],[8.5151758,49.121496],[8.5151787,49.1217723],[8.5151966,49.1221377],[8.5153334,49.1227351],[8.5157045,49.1243212],[8.5157415,49.1244467],[8.5157842,49.1245914],[8.5159135,49.1248736],[8.5161294,49.1251294],[8.5165569,49.1255144],[8.5171357,49.126027],[8.5174281,49.1263307],[8.5174982,49.1264177],[8.5176059,49.1266366],[8.5176554,49.1267563],[8.517808,49.1271252],[8.5179127,49.1275954],[8.5180629,49.1285542],[8.5181921,49.1292276],[8.5183245,49.1296066],[8.5184686,49.1298704],[8.5185127,49.1299513],[8.5169121,49.1302861],[8.516745,49.1303636],[8.5158335,49.130774],[8.5157361,49.1308561],[8.5154758,49.1311975],[8.5152005,49.1315835],[8.5151657,49.1316913],[8.5151379,49.1318464],[8.5151295,49.1321757],[8.5151076,49.133148],[8.5150883,49.1333114],[8.5150024,49.133474],[8.5137873,49.1354508],[8.5136499,49.1356889],[8.5135798,49.1358774],[8.5135273,49.1361638],[8.5131068,49.1384155],[8.513047,49.138657],[8.5125379,49.13949],[8.5124755,49.1396218],[8.5124415,49.1397548],[8.5123835,49.1397205],[8.5122936,49.1395804],[8.5118455,49.139172],[8.5103194,49.1382564],[8.5099159,49.138044],[8.5088339,49.1373173],[8.5081498,49.136842],[8.5077797,49.1365838],[8.5073855,49.1363759],[8.506454,49.135935],[8.5056063,49.135572],[8.5050203,49.135355],[8.504389,49.1351222],[8.5036913,49.1348734],[8.5028962,49.1345674],[8.5024067,49.1343863],[8.501815,49.1342233],[8.5013224,49.134148],[8.5005122,49.1341108],[8.4987198,49.134101],[8.4970592,49.1340336],[8.4973035,49.1336847],[8.4976107,49.1332537],[8.4978304,49.1330325],[8.4981093,49.1328298],[8.4985033,49.1324924],[8.4987964,49.132187],[8.4989221,49.1319908],[8.4989971,49.1317521],[8.4991684,49.1313998],[8.499538,49.1313712],[8.4997862,49.1311567],[8.4996043,49.1310408],[8.4993027,49.1309855],[8.4980086,49.1308709],[8.4968878,49.1307301],[8.4961536,49.1306104],[8.4953253,49.1304175],[8.4947166,49.1301952],[8.4930433,49.1295674],[8.4915165,49.1288803],[8.4912973,49.1287681],[8.490991,49.1287882],[8.4906571,49.1286872],[8.4898987,49.1283848],[8.488775,49.1280568],[8.4872581,49.1276528],[8.486037,49.1272994],[8.4853412,49.1271272],[8.4842835,49.1268859],[8.4830135,49.126626],[8.4815338,49.1263716],[8.4812503,49.1263162],[8.4810853,49.1262813],[8.4807448,49.1262094],[8.4798603,49.126034],[8.4787561,49.125815],[8.4765723,49.125382],[8.4757236,49.1253731],[8.4745833,49.12533],[8.4743498,49.1253117],[8.4742492,49.1253095],[8.4736941,49.1252922],[8.4734035,49.1253785],[8.4732606,49.1253722],[8.4726988,49.1254682],[8.47253,49.1254823],[8.4716221,49.125558],[8.4708869,49.1256253],[8.4703502,49.1256759],[8.4697761,49.1256828],[8.4693184,49.1255993],[8.4689441,49.1255234],[8.4684486,49.1256085],[8.4658349,49.1260468],[8.465574,49.1260493],[8.4650199,49.1261042],[8.4644092,49.1262067],[8.4639358,49.1264129],[8.4635999,49.1265244],[8.4631736,49.1266306],[8.4622445,49.126831],[8.4616579,49.1269473],[8.4610335,49.1270382],[8.4605857,49.1271831],[8.4596915,49.1277648],[8.4587504,49.1284352],[8.4580722,49.128811],[8.4574288,49.1291848],[8.4569962,49.1293759],[8.456303,49.1296689],[8.4560617,49.129752],[8.4555135,49.1298611],[8.455043,49.1298746],[8.4542049,49.1300574],[8.4531148,49.1303186],[8.4529258,49.1303324],[8.4502093,49.1239523],[8.4482048,49.1192222],[8.4461575,49.1144062],[8.4459954,49.1140135],[8.4431814,49.1071969],[8.4413323,49.1026],[8.441308,49.1025413],[8.4365573,49.0912638],[8.436304,49.0906686],[8.4357489,49.0893273],[8.4344246,49.0861357],[8.4341228,49.0853981],[8.4330419,49.0827866],[8.4323514,49.0811347],[8.4319886,49.0802526],[8.4308471,49.0774244],[8.4295409,49.0742608],[8.428277,49.0712241],[8.4280586,49.0706605],[8.4306673,49.0683714],[8.4314091,49.0676996],[8.4329077,49.0663124],[8.4341096,49.0652209],[8.4347605,49.0646054],[8.435229,49.0641518],[8.4355308,49.0638692],[8.4360618,49.0633279],[8.4364226,49.0627691],[8.4367807,49.062283],[8.4373179,49.0613804],[8.4375906,49.0609499],[8.4377894,49.0606389],[8.4380064,49.0603198],[8.4385019,49.0597404],[8.4386843,49.0595272],[8.4393234,49.0587476],[8.4401491,49.0578936],[8.4410086,49.0569981],[8.4414757,49.0565437],[8.4421765,49.0560179],[8.4425324,49.05626],[8.4446061,49.054732],[8.4447081,49.05464],[8.4453934,49.0540913],[8.4463608,49.0531452],[8.447225,49.0522885],[8.4484066,49.0510084]]]}},{"type":"Feature","properties":{"osm_id":659822,"name":"Eggenstein-Leopoldshafen","admin_level":8},"geometry":{"type":"Polygon","coordinates":[[[8.4234694,49.0906362],[8.4237828,49.0906199],[8.4250946,49.0905139],[8.4260295,49.0904599],[8.4265137,49.0904357],[8.4266994,49.0904219],[8.4268774,49.0904139],[8.4272612,49.0903831],[8.4280892,49.0903486],[8.4287385,49.0903281],[8.4291873,49.0903121],[8.4311462,49.0902199],[8.4315059,49.090292],[8.4318857,49.0903647],[8.433064,49.0906134],[8.4343724,49.0908955],[8.4349144,49.0910098],[8.4352505,49.0910884],[8.436164,49.091271],[8.4363837,49.0912838],[8.4365573,49.0912638],[8.441308,49.1025413],[8.438024,49.1035826],[8.4344494,49.1047678],[8.4293224,49.1064847],[8.4277705,49.1070059],[8.427289,49.1065178],[8.4263624,49.1055234],[8.4257086,49.1047911],[8.4253893,49.1045174],[8.4245831,49.1040187],[8.424447,49.1039345],[8.4237658,49.1034507],[8.4223698,49.1025235],[8.4210718,49.1033122],[8.4199309,49.1022581],[8.4195895,49.1019292],[8.4188804,49.1012851],[8.4186379,49.1009063],[8.4175458,49.0985322],[8.4165558,49.0972389],[8.4139231,49.097153],[8.4120516,49.098979],[8.4120165,49.0990934],[8.411872,49.0993412],[8.410277,49.1002766],[8.4098685,49.1005358],[8.4093919,49.1008736],[8.409044,49.1010315],[8.408724,49.1011284],[8.4084499,49.1011496],[8.4066452,49.1013762],[8.4049638,49.1016366],[8.4034472,49.1019172],[8.4050419,49.1026133],[8.4066212,49.1034941],[8.4081274,49.1048057],[8.409385,49.1060981],[8.405349,49.1072277],[8.4038061,49.1078705],[8.4022783,49.1081944],[8.3990317,49.1089604],[8.3981046,49.1095262],[8.3980339,49.1103339],[8.3977114,49.1112355],[8.3974117,49.111927],[8.3968227,49.112653],[8.3959714,49.1135571],[8.3955956,49.113751],[8.3950608,49.1139531],[8.3928244,49.114632],[8.391878,49.1148947],[8.3908938,49.1150163],[8.3890844,49.1152133],[8.3869853,49.1154383],[8.3857497,49.1156134],[8.3827832,49.1162554],[8.3805953,49.1167444],[8.3799865,49.1169306],[8.3794064,49.117281],[8.3787037,49.1177345],[8.3775705,49.1191896],[8.3765226,49.1205298],[8.3764728,49.1215718],[8.3751003,49.1230422],[8.3741152,49.1242578],[8.3736268,49.1249402],[8.372667,49.1258727],[8.3724788,49.1260075],[8.3714949,49.1263522],[8.3713021,49.1263765],[8.3701772,49.1264615],[8.3698577,49.1267386],[8.3696573,49.1268672],[8.3694623,49.1278879],[8.3687324,49.1285062],[8.3673632,49.1295843],[8.3665147,49.1266387],[8.3654629,49.1224462],[8.3638442,49.1159309],[8.3635542,49.114767],[8.3624598,49.1109134],[8.3597667,49.1014277],[8.3596829,49.1012086],[8.3592209,49.0999927],[8.358781,49.0989368],[8.3557607,49.0945085],[8.3507426,49.0891877],[8.3506012,49.0888729],[8.3490964,49.0875081],[8.3460049,49.0846924],[8.3449381,49.0837995],[8.3437672,49.0828156],[8.3417635,49.0812327],[8.3406849,49.0804907],[8.3411356,49.079092],[8.3414026,49.0782721],[8.3414976,49.0779751],[8.3420985,49.0769022],[8.3423565,49.0764643],[8.3425764,49.0760943],[8.3430454,49.0754534],[8.3452161,49.0733736],[8.3464949,49.0720508],[8.3473148,49.0710929],[8.3475528,49.0706429],[8.3475928,49.070456],[8.3475668,49.070109],[8.3474738,49.069735],[8.3471798,49.0692011],[8.3470468,49.0690561],[8.3468239,49.0687282],[8.3463779,49.0682512],[8.3458209,49.0676295],[8.3455261,49.0673424],[8.3451708,49.0667473],[8.3450487,49.0664467],[8.3450573,49.0661633],[8.345075,49.0660349],[8.3461346,49.0656645],[8.3462108,49.0654531],[8.3463271,49.0652816],[8.3464996,49.0650216],[8.3467869,49.0649286],[8.3470389,49.0648516],[8.3471189,49.0648256],[8.3475218,49.0646916],[8.3484767,49.0645236],[8.3495335,49.0644856],[8.3508843,49.0645276],[8.3518432,49.0646266],[8.352917,49.0648746],[8.3538609,49.0652066],[8.3546978,49.0655885],[8.3556896,49.0662175],[8.3563355,49.0667974],[8.3568105,49.0675453],[8.3569314,49.0680373],[8.3569584,49.0684682],[8.3569504,49.0687392],[8.3568834,49.0691361],[8.3566225,49.0696281],[8.3562905,49.070036],[8.3557306,49.07062],[8.3554016,49.0709859],[8.3575163,49.0710509],[8.3579483,49.0711079],[8.3595321,49.070776],[8.360052,49.070525],[8.360323,49.070292],[8.3610619,49.0700896],[8.3617917,49.0698991],[8.3622287,49.0699031],[8.3625656,49.0699751],[8.3632835,49.070128],[8.3638325,49.070208],[8.3650623,49.070299],[8.3656312,49.070288],[8.36679,49.070177],[8.3680079,49.0699941],[8.3695846,49.0696321],[8.3704035,49.0691052],[8.3730322,49.0680183],[8.3732651,49.0679803],[8.3733741,49.0679873],[8.3735991,49.0680073],[8.374295,49.0693382],[8.3874971,49.0690142],[8.3935262,49.0688459],[8.393723,49.0688392],[8.3939937,49.0688311],[8.394068,49.0681023],[8.3946576,49.0680784],[8.3948018,49.0687574],[8.3951589,49.068652],[8.3970318,49.0680783],[8.3979198,49.0677952],[8.3983734,49.0676531],[8.3991818,49.0673554],[8.4004766,49.0668844],[8.4008552,49.0667438],[8.4012342,49.0666185],[8.402238,49.0662878],[8.4027578,49.0666634],[8.4035124,49.0663655],[8.4038921,49.0661743],[8.4043568,49.0659048],[8.404852,49.065531],[8.4053696,49.0651774],[8.4058595,49.0648997],[8.4065432,49.0645814],[8.4072604,49.0643387],[8.4083059,49.0638977],[8.4092439,49.0634482],[8.409501,49.0633144],[8.4099102,49.0630816],[8.4110154,49.0643046],[8.4128955,49.0663634],[8.4131708,49.0667871],[8.41338,49.0670419],[8.413681,49.0673856],[8.4161529,49.0705831],[8.4164506,49.0709644],[8.416309,49.0710471],[8.4148172,49.07152],[8.4133294,49.071993],[8.4113847,49.0726069],[8.4107378,49.0728099],[8.4106738,49.0728439],[8.4108628,49.0747736],[8.4109389,49.0756233],[8.4111007,49.0774403],[8.4112097,49.0787952],[8.4114006,49.0802935],[8.411437,49.0806237],[8.4115022,49.0812092],[8.4114356,49.0813619],[8.4139693,49.0819498],[8.415961,49.0824108],[8.4173923,49.0826091],[8.4178009,49.0827462],[8.4182758,49.0829771],[8.419122,49.084258],[8.4201898,49.0858902],[8.4222546,49.0888866],[8.4233559,49.0904725],[8.4234694,49.0906362]]]}},{"type":"Feature","properties":{"osm_id":659839,"name":"Ettlingen","admin_level":8},"geometry":{"type":"Polygon","coordinates":[[[8.4333054,48.8854623],[8.4341326,48.8860067],[8.4342597,48.8861927],[8.4345218,48.8863943],[8.4348465,48.8863771],[8.4352204,48.8865245],[8.4352726,48.8866819],[8.4357359,48.8869383],[8.4358853,48.8872272],[8.436065,48.887302],[8.4362335,48.8874601],[8.4363534,48.8874697],[8.4365377,48.8874122],[8.4366266,48.8874281],[8.4369014,48.8875885],[8.4375819,48.8879222],[8.4377467,48.887973],[8.4379909,48.8879845],[8.4381156,48.8880551],[8.4381528,48.8881291],[8.4384333,48.8882345],[8.4386868,48.8884166],[8.4388455,48.8885685],[8.4390329,48.8886854],[8.4391328,48.8887146],[8.4393945,48.8886647],[8.4394642,48.8887499],[8.4396876,48.8888182],[8.4399415,48.888946],[8.4403775,48.8889204],[8.4408128,48.8889687],[8.4410183,48.8888924],[8.4411818,48.8889018],[8.4412018,48.8890001],[8.4415181,48.8891786],[8.4417887,48.8892672],[8.4419949,48.8892638],[8.4423289,48.8893147],[8.4424528,48.8893733],[8.4427384,48.8894284],[8.4429499,48.8894317],[8.4430187,48.889395],[8.4432308,48.889376],[8.4433348,48.8893016],[8.443553,48.8889379],[8.443717,48.8890076],[8.4438762,48.8891166],[8.4442508,48.8891149],[8.4444375,48.8892062],[8.4445059,48.8893619],[8.444756,48.8894137],[8.4448736,48.8894012],[8.445022,48.8893379],[8.4451133,48.8893553],[8.4452244,48.8893413],[8.4455121,48.889272],[8.4455516,48.8893115],[8.4456336,48.8893057],[8.4458546,48.8890879],[8.4459409,48.8891189],[8.446041,48.8892034],[8.4462041,48.8892696],[8.4462358,48.889318],[8.4461939,48.8894179],[8.4463718,48.8895124],[8.4463853,48.8895136],[8.4464427,48.8895308],[8.4465656,48.8895187],[8.4466362,48.8894684],[8.4468294,48.8894777],[8.4469897,48.8895822],[8.4473624,48.8896342],[8.4474092,48.8897041],[8.4475506,48.8897865],[8.4477065,48.8898392],[8.4477449,48.8898301],[8.447867,48.8898238],[8.4481697,48.8898704],[8.4484295,48.8898648],[8.448801,48.8900109],[8.449049,48.8900135],[8.4492065,48.8899621],[8.449322,48.8899626],[8.4493967,48.8900291],[8.4494014,48.8900816],[8.4493254,48.8902079],[8.449461,48.890375],[8.4496094,48.89038],[8.4497444,48.8905885],[8.4498769,48.8906634],[8.4503253,48.8907291],[8.450343,48.890754],[8.4503059,48.8908549],[8.4504914,48.8909591],[8.4505058,48.890967],[8.450542,48.8916043],[8.4504291,48.8919403],[8.450193,48.8923281],[8.4497582,48.8926876],[8.4496959,48.8927976],[8.4496152,48.8932982],[8.4490412,48.8948118],[8.4489985,48.8953764],[8.4486206,48.8958616],[8.4479268,48.8964117],[8.447782,48.8968489],[8.4475973,48.8970503],[8.4476145,48.8971501],[8.4476664,48.8972286],[8.4478858,48.8973429],[8.4482442,48.8976705],[8.4481683,48.8977047],[8.4481504,48.8977455],[8.4482593,48.8979221],[8.4486025,48.8983359],[8.4486999,48.8984241],[8.4488284,48.8984865],[8.448965,48.8986232],[8.4492223,48.8991356],[8.4492678,48.8993164],[8.4492148,48.8993958],[8.4492356,48.8995665],[8.4492761,48.8996594],[8.4493938,48.8997994],[8.4494326,48.9000293],[8.4495104,48.9001518],[8.4496468,48.900216],[8.449772,48.9002429],[8.4499707,48.9002333],[8.4501233,48.900274],[8.4502008,48.9003288],[8.4506247,48.9008783],[8.4507883,48.9013794],[8.4512285,48.9017963],[8.4517451,48.9020895],[8.4523541,48.9021285],[8.4523735,48.902132],[8.4524384,48.9021543],[8.4530435,48.9025942],[8.4531143,48.9027611],[8.4531353,48.9030249],[8.4530806,48.9033333],[8.4532482,48.9036744],[8.4534787,48.9038394],[8.4538095,48.9042038],[8.4537373,48.9043393],[8.4537602,48.9046665],[8.453721,48.9048144],[8.4534163,48.9053729],[8.4533626,48.9055303],[8.45308,48.906689],[8.4529516,48.9073628],[8.4528169,48.907692],[8.4516816,48.9091144],[8.451691,48.9094803],[8.451828,48.9100789],[8.4520447,48.9104078],[8.45247,48.9112644],[8.4527319,48.9116367],[8.4529591,48.9120826],[8.4530837,48.9122321],[8.4532628,48.9123602],[8.4536381,48.9127145],[8.4541406,48.9132842],[8.4545637,48.9138245],[8.4549504,48.9141204],[8.4553775,48.9145778],[8.4556699,48.9157737],[8.4557431,48.9159255],[8.4562771,48.9167246],[8.456543,48.9170217],[8.4566439,48.917446],[8.4562658,48.9175923],[8.4560359,48.9178379],[8.4558531,48.9181143],[8.4555292,48.9184811],[8.4555117,48.9185871],[8.4556725,48.9189479],[8.4554747,48.9192075],[8.4551625,48.9195358],[8.455112,48.9197384],[8.4552051,48.9201153],[8.4553072,48.920253],[8.4553332,48.9203951],[8.4552232,48.9205648],[8.4548822,48.9207972],[8.4546714,48.9211898],[8.4545224,48.9213584],[8.4543583,48.9214807],[8.4540802,48.9215761],[8.4535841,48.9216479],[8.453396,48.9217248],[8.4528238,48.9221555],[8.4525517,48.922309],[8.451677,48.9227051],[8.4513732,48.9229305],[8.4512027,48.9231217],[8.4512242,48.9234892],[8.4511643,48.9237099],[8.4509798,48.9240505],[8.4509153,48.9244805],[8.450962,48.9248072],[8.4508562,48.9251053],[8.4508319,48.9253442],[8.4509805,48.9260186],[8.4509353,48.9262987],[8.4508067,48.9264967],[8.4502343,48.9271274],[8.4498644,48.9276822],[8.449689,48.9278577],[8.4492973,48.9280628],[8.449026,48.9281609],[8.4487366,48.9282196],[8.4487755,48.9282736],[8.4491628,48.9283489],[8.4495161,48.9285106],[8.4505226,48.9291152],[8.4511226,48.9297964],[8.4514326,48.9298657],[8.4512909,48.930139],[8.4516818,48.9302059],[8.4520675,48.9303962],[8.4522526,48.9308504],[8.4523903,48.932012],[8.4525001,48.9335188],[8.4521855,48.9344213],[8.4510134,48.9359791],[8.4510174,48.9386379],[8.4483641,48.9420461],[8.4474755,48.9432811],[8.4468126,48.9440641],[8.4467791,48.9441039],[8.4453075,48.9449072],[8.4430688,48.9458736],[8.4412902,48.9459258],[8.4404348,48.946021],[8.4392986,48.9462498],[8.4396628,48.946839],[8.4403355,48.9474042],[8.4401755,48.9488],[8.4416357,48.9493566],[8.4430655,48.9497391],[8.4447903,48.9504056],[8.4452126,48.9508371],[8.4453047,48.9510985],[8.4453422,48.9513295],[8.4445614,48.952697],[8.4439225,48.9536006],[8.44422,48.9544903],[8.4445605,48.9553626],[8.4445452,48.9561174],[8.4449094,48.9564604],[8.4457598,48.9570445],[8.4463217,48.9577943],[8.4467252,48.9585263],[8.4466833,48.9589275],[8.4467271,48.9593948],[8.4469508,48.9605932],[8.4477168,48.9613127],[8.4488989,48.9620696],[8.4503053,48.9628096],[8.451707,48.9632116],[8.4513681,48.9638923],[8.4507209,48.9642864],[8.450272,48.9646851],[8.4494691,48.9652361],[8.4490092,48.9658279],[8.4482452,48.9662307],[8.4481688,48.9666147],[8.4480748,48.9666658],[8.4475,48.9667522],[8.4469721,48.9669371],[8.4456517,48.9677479],[8.4455209,48.9678294],[8.4443194,48.9685617],[8.442584,48.9697051],[8.4414813,48.9702935],[8.4394196,48.9711662],[8.4394669,48.9712041],[8.4394018,48.9712313],[8.4379898,48.971808],[8.4369378,48.971609],[8.4363392,48.9713937],[8.4331979,48.9701212],[8.4324724,48.9697876],[8.4268032,48.9674154],[8.4250301,48.9666539],[8.4250629,48.966616],[8.4246667,48.9664509],[8.4246332,48.9664842],[8.4238178,48.9661366],[8.4206875,48.9649944],[8.419691,48.9646114],[8.4192372,48.9644034],[8.4163312,48.9633549],[8.4133117,48.9622076],[8.4115787,48.9616147],[8.4106279,48.9613345],[8.4093956,48.9610153],[8.4092152,48.9609356],[8.408859,48.9606659],[8.4085819,48.9602503],[8.4084872,48.9600203],[8.4083058,48.9598624],[8.4081251,48.9597715],[8.4078094,48.95967],[8.4075984,48.9596462],[8.4073617,48.959649],[8.4065651,48.9597259],[8.4063402,48.959733],[8.4061753,48.959682],[8.4061406,48.9597113],[8.4060405,48.9597024],[8.4059598,48.9602961],[8.4054449,48.9602116],[8.4054742,48.9603115],[8.4054134,48.9603015],[8.4048359,48.9602063],[8.404764,48.9602269],[8.4028959,48.9599021],[8.398956,48.9593264],[8.3970702,48.9589268],[8.3968697,48.9589283],[8.391066,48.9578672],[8.3906824,48.9578261],[8.3904877,48.9578948],[8.3904016,48.9579871],[8.3903049,48.957975],[8.3902837,48.9578626],[8.3899832,48.9578492],[8.3897882,48.9577984],[8.3898523,48.9582789],[8.3906156,48.9623361],[8.3834244,48.9672288],[8.38377,48.9676088],[8.3841656,48.9681225],[8.384265,48.9683645],[8.3846868,48.9688372],[8.3850925,48.9694858],[8.3851766,48.9698066],[8.3850843,48.971262],[8.3807491,48.9742699],[8.3806118,48.9741343],[8.3768336,48.9757852],[8.3767167,48.9758343],[8.3763721,48.975581],[8.3760547,48.9750185],[8.3752373,48.9739397],[8.3748909,48.9734268],[8.3749666,48.9732032],[8.3748185,48.9728128],[8.3746303,48.9724721],[8.3741614,48.9713034],[8.3726922,48.9712745],[8.3667076,48.9745193],[8.3648298,48.9754695],[8.3612557,48.9744395],[8.36093,48.9742714],[8.3601554,48.9737458],[8.3599884,48.9735983],[8.3586799,48.9722084],[8.3580405,48.9713187],[8.3572885,48.9700783],[8.3571689,48.969846],[8.3571205,48.9695404],[8.357118,48.9684684],[8.3572316,48.967756],[8.3606601,48.9620894],[8.3627444,48.9605919],[8.3636451,48.9597657],[8.3652527,48.9587453],[8.3656916,48.9582827],[8.3658712,48.9575884],[8.3653137,48.9555093],[8.3651752,48.955038],[8.3667805,48.9537109],[8.367378,48.9532515],[8.3679346,48.9526298],[8.3690406,48.951886],[8.3695084,48.9512309],[8.3700526,48.9508124],[8.3706721,48.9497438],[8.3689456,48.9484598],[8.3674121,48.9475407],[8.3659755,48.9462115],[8.3638849,48.9434363],[8.3632745,48.9427116],[8.3625966,48.9421554],[8.3617254,48.9415303],[8.359018,48.939751],[8.3571073,48.9381494],[8.3557335,48.9367197],[8.3549735,48.9353863],[8.3545495,48.9346355],[8.3545151,48.9345752],[8.3543532,48.9338555],[8.3541875,48.9332863],[8.3539502,48.9327223],[8.3539356,48.9313683],[8.3534335,48.9306137],[8.3530309,48.9300934],[8.3512573,48.9285277],[8.3507225,48.9277363],[8.350171,48.9271999],[8.350539,48.9269739],[8.3509783,48.9265705],[8.3516575,48.9264125],[8.3521744,48.9276031],[8.3524522,48.9281021],[8.3533979,48.9292776],[8.3546299,48.9305703],[8.3552387,48.9307953],[8.3553417,48.9308092],[8.3568244,48.9301127],[8.3582305,48.9295116],[8.3585489,48.9292648],[8.3581116,48.9282343],[8.3601631,48.9274247],[8.3605138,48.9269808],[8.3601536,48.9260859],[8.3595392,48.9248789],[8.3594046,48.9248825],[8.3586304,48.9238408],[8.3583392,48.9235011],[8.3576161,48.922414],[8.3575005,48.9224993],[8.3569509,48.9212815],[8.3579178,48.9216833],[8.3564555,48.9198649],[8.3557271,48.9186375],[8.3541437,48.9171782],[8.3540481,48.9171633],[8.3531397,48.9160158],[8.3516759,48.9140258],[8.3496289,48.9113743],[8.3487156,48.9099466],[8.3497124,48.9094638],[8.3497368,48.9094933],[8.3509359,48.9085013],[8.3529923,48.9069777],[8.3537383,48.9061407],[8.3543497,48.9056144],[8.3549516,48.9051397],[8.3558537,48.9047286],[8.3564199,48.9044025],[8.3574984,48.9053616],[8.3592559,48.9069923],[8.3596471,48.9076169],[8.3600852,48.9086364],[8.3604641,48.909299],[8.3611168,48.9098377],[8.3619189,48.9101728],[8.3629534,48.9104004],[8.3632688,48.9104433],[8.3637326,48.9096895],[8.3639659,48.9094025],[8.3642325,48.9092029],[8.3639843,48.9088759],[8.3631613,48.9080547],[8.3624448,48.9075964],[8.363191,48.9069637],[8.3637144,48.9063166],[8.3644304,48.9056106],[8.3643681,48.9055814],[8.3651143,48.9048681],[8.3651432,48.9049229],[8.3655924,48.904729],[8.3653863,48.9045408],[8.3658382,48.9041917],[8.3660117,48.9039048],[8.3663494,48.9035181],[8.3669883,48.9029793],[8.3669738,48.9028214],[8.3669337,48.90275],[8.3672806,48.9024889],[8.3677219,48.9025882],[8.3685236,48.9022748],[8.368806,48.9022334],[8.3690163,48.9022275],[8.3691924,48.9021896],[8.369436,48.9019804],[8.3695072,48.9019532],[8.3697993,48.9019465],[8.3699447,48.9019593],[8.3699901,48.901985],[8.3700655,48.9019605],[8.3702505,48.9019634],[8.3706854,48.9018426],[8.3707759,48.9018469],[8.3710884,48.9017252],[8.3711397,48.9016371],[8.3715465,48.9013688],[8.3723539,48.9012731],[8.372851,48.901258],[8.3738876,48.9014057],[8.3745179,48.9014387],[8.3754567,48.9012295],[8.3758357,48.9016375],[8.3766926,48.9014355],[8.3777852,48.9011336],[8.3779992,48.9013915],[8.3787552,48.9018953],[8.3791576,48.9023904],[8.3794989,48.9027184],[8.3800476,48.903136],[8.381043,48.9035636],[8.3823046,48.9028153],[8.383008,48.9023624],[8.3849015,48.9001769],[8.3864227,48.8986111],[8.3873984,48.8977618],[8.3883697,48.8971725],[8.3891719,48.8964806],[8.3901492,48.8931504],[8.3902136,48.8890472],[8.390278,48.8880655],[8.3906667,48.8873945],[8.3913797,48.8863131],[8.3923707,48.8843275],[8.3928201,48.8846442],[8.393204,48.885059],[8.3942381,48.885585],[8.3951518,48.8858902],[8.3954679,48.8858734],[8.3957378,48.885936],[8.3966446,48.8864634],[8.3973458,48.8868283],[8.3977958,48.8868215],[8.3988353,48.8862077],[8.4001202,48.8849599],[8.4006502,48.8837765],[8.4006923,48.8835492],[8.4028297,48.8841645],[8.4037565,48.8844314],[8.4038968,48.8841571],[8.4048542,48.8828553],[8.4053285,48.8821156],[8.4060743,48.8812322],[8.4075394,48.8802035],[8.4076139,48.8802536],[8.4082405,48.8799806],[8.4095692,48.8796858],[8.409601,48.8795367],[8.4096954,48.8794818],[8.4101942,48.8794696],[8.4102718,48.879401],[8.4103561,48.8792197],[8.4110291,48.8790812],[8.411337,48.8788675],[8.4121436,48.8787782],[8.4125327,48.8786006],[8.412794,48.8783403],[8.413146,48.8780505],[8.413878,48.8777021],[8.414366,48.877229],[8.4143591,48.8771041],[8.4142522,48.8769765],[8.4149688,48.8766864],[8.4149702,48.8766944],[8.4149672,48.8767948],[8.415055,48.8769896],[8.4150485,48.8771459],[8.4152422,48.8774124],[8.41528,48.8774014],[8.4153919,48.8774423],[8.4155355,48.8775252],[8.4155791,48.8775636],[8.4156347,48.8777258],[8.4157311,48.8778169],[8.4160054,48.8779724],[8.4162631,48.8781029],[8.4169124,48.878312],[8.4171855,48.8781658],[8.4172871,48.8780849],[8.4173589,48.8780613],[8.4175022,48.8780647],[8.417591,48.8780835],[8.4176176,48.8781287],[8.4179603,48.8783546],[8.4182591,48.8786054],[8.4183673,48.8790978],[8.4185319,48.8792902],[8.4185697,48.8795816],[8.4186096,48.8796175],[8.4188,48.879671],[8.4189186,48.8796722],[8.4191724,48.8795724],[8.4193965,48.8795805],[8.4195018,48.879557],[8.4197839,48.879601],[8.4197691,48.8797224],[8.4197954,48.8798058],[8.4199043,48.8799012],[8.4200837,48.8801309],[8.4201324,48.8802361],[8.4201143,48.880418],[8.4201788,48.8805905],[8.4204076,48.8809366],[8.4205733,48.8810245],[8.4207742,48.8812245],[8.4210988,48.8814035],[8.4214534,48.8814603],[8.4217256,48.8815876],[8.421971,48.8816104],[8.4221167,48.8816753],[8.4222383,48.8817638],[8.4222496,48.8818019],[8.4221205,48.8819374],[8.4226791,48.882099],[8.4231147,48.8820683],[8.4233852,48.8821752],[8.4236738,48.882199],[8.4239629,48.8824563],[8.4241545,48.8824374],[8.4242617,48.8824607],[8.4245206,48.8826394],[8.4245967,48.882793],[8.4246727,48.882813],[8.4248601,48.8828139],[8.4251147,48.8829146],[8.4252844,48.8829971],[8.4255949,48.8832646],[8.4257272,48.8833259],[8.4260105,48.8833841],[8.4264336,48.8833564],[8.4266517,48.8833664],[8.4267559,48.8833532],[8.4269607,48.8832651],[8.4271582,48.8832571],[8.427348,48.8831979],[8.4279033,48.8832257],[8.4279695,48.8833167],[8.4281822,48.8834895],[8.4287554,48.8836099],[8.4291918,48.8838063],[8.4294352,48.8838621],[8.4294776,48.8839263],[8.4297226,48.8840403],[8.4298318,48.8842518],[8.4302005,48.8843272],[8.4302443,48.8843196],[8.4303376,48.8842184],[8.4308518,48.8842076],[8.4312344,48.8843562],[8.4313584,48.8844488],[8.4313577,48.8845608],[8.4313899,48.8846018],[8.4316553,48.8848597],[8.4317336,48.8849539],[8.43175,48.8850551],[8.4318384,48.8851265],[8.4319067,48.8851152],[8.4320234,48.8851681],[8.4322936,48.8852035],[8.4325876,48.8852153],[8.4329271,48.8852912],[8.4333054,48.8854623]]]}},{"type":"Feature","properties":{"osm_id":659842,"name":"Rheinstetten","admin_level":8},"geometry":{"type":"Polygon","coordinates":[[[8.3545495,48.9346355],[8.3549735,48.9353863],[8.3557335,48.9367197],[8.3571073,48.9381494],[8.359018,48.939751],[8.3617254,48.9415303],[8.3625966,48.9421554],[8.3632745,48.9427116],[8.3638849,48.9434363],[8.3659755,48.9462115],[8.3674121,48.9475407],[8.3689456,48.9484598],[8.3706721,48.9497438],[8.3700526,48.9508124],[8.3695084,48.9512309],[8.3690406,48.951886],[8.3679346,48.9526298],[8.367378,48.9532515],[8.3667805,48.9537109],[8.3651752,48.955038],[8.3653137,48.9555093],[8.3658712,48.9575884],[8.3656916,48.9582827],[8.3652527,48.9587453],[8.3636451,48.9597657],[8.3627444,48.9605919],[8.3606601,48.9620894],[8.3572316,48.967756],[8.357118,48.9684684],[8.3571205,48.9695404],[8.3571689,48.969846],[8.3572885,48.9700783],[8.3580405,48.9713187],[8.3586799,48.9722084],[8.3599884,48.9735983],[8.3601554,48.9737458],[8.36093,48.9742714],[8.3612557,48.9744395],[8.3648298,48.9754695],[8.3643614,48.9759597],[8.3642811,48.9760436],[8.3634352,48.9769233],[8.3562645,48.9792287],[8.3512566,48.9800991],[8.3468045,48.9812143],[8.3432707,48.9823444],[8.3431034,48.9824476],[8.3423769,48.9828961],[8.3377996,48.9857279],[8.33807,48.985953],[8.3364124,48.9866628],[8.3365247,48.9867594],[8.3344729,48.9875158],[8.3342393,48.9876019],[8.3338065,48.9877611],[8.332119,48.9887008],[8.3305649,48.9892781],[8.3306252,48.9900313],[8.3305832,48.9904346],[8.330442,48.9908177],[8.3297835,48.9919411],[8.3297521,48.9919182],[8.3287765,48.9912061],[8.327282,48.9902191],[8.3269319,48.9900367],[8.3259667,48.989623],[8.3254368,48.98943],[8.3242037,48.9890324],[8.323611,48.9888833],[8.3231527,48.9888092],[8.3214763,48.9886152],[8.3213762,48.988584],[8.3206928,48.9885428],[8.3211711,48.986728],[8.322308,48.9840718],[8.3213052,48.9840183],[8.320289,48.9838998],[8.319873,48.9838862],[8.31866,48.9838961],[8.3174045,48.9840135],[8.3159328,48.9840241],[8.3150923,48.98411],[8.3147045,48.9841144],[8.312444,48.9840201],[8.3115082,48.9840371],[8.2993499,48.9909721],[8.2991146,48.9906295],[8.2987808,48.9903434],[8.2986077,48.9900257],[8.2984458,48.9894288],[8.2980049,48.9886038],[8.2974166,48.9879836],[8.296742,48.9873794],[8.2965318,48.9875078],[8.2964109,48.9874927],[8.2939159,48.9860951],[8.2936726,48.9857247],[8.2935415,48.9857018],[8.2932835,48.9856568],[8.2916485,48.9853582],[8.2892257,48.9847501],[8.2890043,48.9847818],[8.2867505,48.9843121],[8.2811873,48.9831012],[8.2811084,48.9834941],[8.280657,48.9845423],[8.2802788,48.9851564],[8.2798316,48.9857761],[8.2793163,48.9866345],[8.2791716,48.9877455],[8.2774334,48.9898604],[8.2755364,48.9887385],[8.2735091,48.9875287],[8.2615361,48.9811366],[8.2611805,48.9796132],[8.2589328,48.9699046],[8.2586341,48.9688807],[8.2591333,48.9679657],[8.2595022,48.9677867],[8.2596734,48.9671806],[8.2602988,48.9672325],[8.2602956,48.9672887],[8.2606953,48.9673005],[8.2607208,48.9670982],[8.2608309,48.9668847],[8.2610474,48.9657095],[8.2608153,48.9649082],[8.2607305,48.9643839],[8.2604486,48.9638672],[8.2597895,48.9634046],[8.2604333,48.9631066],[8.2605449,48.9630152],[8.2601662,48.9626956],[8.259893,48.962413],[8.2597509,48.9621871],[8.2596279,48.961765],[8.2594366,48.9614792],[8.2592369,48.9612373],[8.2590741,48.9604398],[8.2590667,48.9598412],[8.2591011,48.9594544],[8.2592443,48.9591315],[8.2593631,48.9589794],[8.2595215,48.9588466],[8.2601575,48.9584764],[8.2610506,48.9580381],[8.261372,48.9578385],[8.2618569,48.9576846],[8.2624531,48.9575672],[8.2627186,48.9575592],[8.262899,48.9575772],[8.2640083,48.9578403],[8.2651686,48.957888],[8.2657065,48.9578479],[8.2665971,48.9578331],[8.266824,48.9578108],[8.2672802,48.9576759],[8.2681164,48.9574989],[8.2687216,48.9574136],[8.2691124,48.9573089],[8.269767,48.9570216],[8.2705332,48.9565534],[8.2707316,48.9564079],[8.2710716,48.9559122],[8.2713902,48.9556651],[8.2714687,48.9553791],[8.2716269,48.9551114],[8.2723425,48.9549484],[8.2724021,48.9549052],[8.2724675,48.9547877],[8.2724343,48.9545968],[8.2723581,48.9544658],[8.2721144,48.9541759],[8.2719017,48.9536404],[8.2719278,48.9535401],[8.2721434,48.9534269],[8.2722153,48.9533309],[8.2724975,48.9533134],[8.2727202,48.9531949],[8.2743793,48.9530469],[8.2749909,48.9530393],[8.2760787,48.9527978],[8.2795246,48.9523216],[8.281284,48.952019],[8.2835366,48.9517343],[8.2839461,48.9516724],[8.2839921,48.951605],[8.285721,48.9514615],[8.2856692,48.9514172],[8.2861132,48.9510184],[8.286032,48.9509881],[8.2865302,48.9504137],[8.2874969,48.9507101],[8.2887277,48.9510063],[8.2911426,48.9514132],[8.2909181,48.950785],[8.2913814,48.9507955],[8.2932811,48.9507519],[8.2953479,48.9505716],[8.2950677,48.9496799],[8.2948478,48.9486659],[8.2946038,48.9471745],[8.2951537,48.9472484],[8.296117,48.9475599],[8.2970784,48.9477403],[8.2988214,48.9476765],[8.3001376,48.9474208],[8.3008049,48.9472106],[8.3018211,48.94721],[8.3018826,48.9483273],[8.3019985,48.9492869],[8.3025571,48.9492288],[8.3025832,48.9493085],[8.3052598,48.948957],[8.3054757,48.9499814],[8.3065848,48.9498766],[8.3078824,48.949829],[8.3110448,48.9494728],[8.330329,48.9414814],[8.3322567,48.941076],[8.3344702,48.9405163],[8.3389738,48.939097],[8.3418313,48.9378949],[8.3431701,48.9374549],[8.3449887,48.9367817],[8.3468074,48.9363952],[8.3481884,48.9359825],[8.3505053,48.9354544],[8.3524375,48.9350562],[8.3545151,48.9345752],[8.3545495,48.9346355]]]}},{"type":"Feature","properties":{"osm_id":904764,"name":"Wörth am Rhein","admin_level":8},"geometry":{"type":"Polygon","coordinates":[[[8.3267927,49.0868282],[8.3261439,49.0861037],[8.3256285,49.0855596],[8.3251126,49.0850711],[8.324632,49.0847058],[8.3241481,49.0843686],[8.3239093,49.0842047],[8.3234281,49.0837164],[8.32298,49.0832216],[8.3229527,49.0830697],[8.3223216,49.0830183],[8.3216579,49.0829264],[8.3209974,49.0828433],[8.3203451,49.0827187],[8.3199488,49.0827369],[8.3195267,49.0826746],[8.319098,49.0825701],[8.318845,49.082408],[8.3188768,49.0822984],[8.3186186,49.0822367],[8.3185461,49.0822657],[8.3180463,49.0821225],[8.3176261,49.081889],[8.3175184,49.0817655],[8.317368,49.081738],[8.3172138,49.0816745],[8.316856,49.0814582],[8.3165626,49.081235],[8.315967,49.0807632],[8.3157549,49.0804673],[8.3156285,49.0801702],[8.3154724,49.0798805],[8.3154109,49.0795676],[8.3151044,49.0793305],[8.3148633,49.0790659],[8.3148794,49.0786662],[8.3147298,49.0782355],[8.3144767,49.0778054],[8.3142859,49.0775512],[8.3142044,49.0774722],[8.3140852,49.0774145],[8.3137316,49.07769],[8.3132457,49.078003],[8.3129522,49.0781536],[8.3125174,49.0783323],[8.3121191,49.0785284],[8.3116788,49.0787267],[8.310557,49.0790864],[8.3099424,49.079245],[8.3093746,49.0794002],[8.3086742,49.0795932],[8.3079697,49.0796996],[8.3071303,49.0797859],[8.3059723,49.0798313],[8.3054783,49.0798591],[8.3050131,49.0798683],[8.3040794,49.0797993],[8.303273,49.0797269],[8.3028158,49.079638],[8.3025076,49.0795558],[8.3022074,49.0794833],[8.3016125,49.0794939],[8.3009712,49.079544],[8.2998101,49.0792377],[8.2990199,49.0789652],[8.2985393,49.0788258],[8.298221,49.078755],[8.2977941,49.0786459],[8.2972217,49.0784842],[8.2967943,49.0783292],[8.2963253,49.0781093],[8.2953216,49.0775511],[8.294376,49.0769791],[8.2934996,49.076463],[8.2931665,49.0762614],[8.2929744,49.0762311],[8.2927233,49.0762386],[8.2923451,49.0761372],[8.2920712,49.0761574],[8.2913342,49.0758755],[8.2912152,49.0757537],[8.2909674,49.0756854],[8.290639,49.0755782],[8.2884539,49.0747657],[8.2877298,49.0745367],[8.2873527,49.074424],[8.2868003,49.0743232],[8.2865342,49.074298],[8.2858443,49.0742661],[8.2854298,49.0743061],[8.2845309,49.0742108],[8.2840892,49.0741189],[8.2832208,49.0738113],[8.2826656,49.0735546],[8.282084,49.0731872],[8.2807075,49.0718346],[8.2802409,49.0712651],[8.2799152,49.0708705],[8.2795537,49.0707176],[8.2792846,49.0705745],[8.2791689,49.070473],[8.2790496,49.0704564],[8.2785139,49.0704483],[8.2781682,49.0704431],[8.2773505,49.0703958],[8.2762018,49.0703696],[8.2751032,49.07027],[8.2743561,49.0701868],[8.2735941,49.0701548],[8.2731822,49.0701374],[8.2727338,49.0701307],[8.272045,49.070287],[8.2710325,49.0705331],[8.2705389,49.0707863],[8.2703289,49.0709278],[8.2701353,49.0710947],[8.2699057,49.0713029],[8.2696584,49.0713788],[8.2694466,49.071521],[8.2692011,49.071654],[8.2685993,49.0718307],[8.2675988,49.0722422],[8.2663048,49.0727574],[8.2659189,49.0728463],[8.2651129,49.0728512],[8.2643414,49.0727565],[8.2634223,49.0727978],[8.2623421,49.0728299],[8.2616834,49.0723091],[8.2613169,49.0720702],[8.2609256,49.0718432],[8.2604324,49.0715575],[8.2601167,49.0713982],[8.2594603,49.0711342],[8.2588509,49.0708405],[8.258215,49.0706109],[8.2575456,49.0703956],[8.2565336,49.0697977],[8.2559671,49.069496],[8.2554723,49.0692406],[8.2552273,49.0689939],[8.2549908,49.068596],[8.2547972,49.0681207],[8.254679,49.0679017],[8.2543342,49.0674938],[8.2539025,49.066959],[8.2535056,49.0664063],[8.2532438,49.0660288],[8.2540034,49.0652508],[8.25368,49.0643054],[8.252247,49.0638848],[8.2495802,49.0631104],[8.2491472,49.0636599],[8.2488387,49.0644228],[8.2488737,49.0653562],[8.2490968,49.0661453],[8.2494895,49.0666846],[8.2500185,49.066995],[8.2506323,49.0672885],[8.2510248,49.0673867],[8.251356,49.0676099],[8.2515679,49.0678198],[8.2516649,49.0685717],[8.2518541,49.0693178],[8.2514728,49.0708531],[8.2511325,49.071029],[8.2511732,49.0713846],[8.2508059,49.0722133],[8.2504417,49.0738695],[8.2502764,49.0746738],[8.2508167,49.0753969],[8.2515371,49.0758687],[8.2520725,49.076328],[8.2525215,49.0767014],[8.2517411,49.0774068],[8.2530497,49.0782502],[8.2573699,49.0810253],[8.2581386,49.0815291],[8.2566549,49.0820076],[8.2575622,49.0826892],[8.2584447,49.0833378],[8.2577121,49.0839601],[8.2567868,49.0847265],[8.2537767,49.0872298],[8.2535542,49.0874006],[8.2533721,49.0875443],[8.2533038,49.087655],[8.2433846,49.0842333],[8.2237985,49.0768614],[8.2063988,49.0717911],[8.2043313,49.0715242],[8.2042571,49.0698755],[8.1994214,49.0687644],[8.1967589,49.0681519],[8.1942215,49.0672789],[8.1890165,49.0641569],[8.1840246,49.0600219],[8.1783591,49.0589627],[8.1709691,49.0574069],[8.1713854,49.0565077],[8.1655832,49.055823],[8.16422,49.0552221],[8.1631619,49.0547619],[8.1613663,49.0543187],[8.1604991,49.0541043],[8.1601201,49.0539917],[8.1598788,49.0539738],[8.1592202,49.0542625],[8.1589653,49.0544206],[8.1588071,49.0545046],[8.15743,49.0552721],[8.156751,49.055651],[8.156267,49.055894],[8.1561266,49.0559253],[8.1541182,49.0561004],[8.1533506,49.0561692],[8.1530698,49.0561772],[8.1512196,49.0563023],[8.1504915,49.0563667],[8.1502829,49.0563193],[8.1495943,49.0560218],[8.1484845,49.0556608],[8.1480127,49.0555366],[8.1475574,49.0554383],[8.147436,49.0554178],[8.1466793,49.0553186],[8.1445305,49.0550237],[8.1440751,49.0549576],[8.1440083,49.0549853],[8.1432148,49.055206],[8.1428112,49.0552158],[8.1418568,49.0552489],[8.1407715,49.055282],[8.1394558,49.0553222],[8.1382178,49.0553785],[8.1375879,49.0553222],[8.1362722,49.0552149],[8.1346906,49.0550791],[8.1331676,49.0549469],[8.1319691,49.0548397],[8.1309261,49.0547539],[8.1302539,49.0547405],[8.128671,49.0548415],[8.1271644,49.0549415],[8.1260327,49.0550255],[8.1248179,49.0551006],[8.1238676,49.0551453],[8.1233645,49.0551649],[8.1230209,49.0551551],[8.1224823,49.0551292],[8.1220733,49.0551167],[8.1207357,49.0550684],[8.1189224,49.0549871],[8.1169351,49.0549],[8.1157762,49.0548499],[8.1157742,49.0548651],[8.1157469,49.0548633],[8.1155039,49.056362],[8.1155322,49.0563642],[8.1155328,49.0563917],[8.1141827,49.0563791],[8.1140314,49.0571907],[8.1139311,49.0577551],[8.113909,49.0580453],[8.1138682,49.0580458],[8.1138732,49.0580947],[8.1138384,49.0580929],[8.1137314,49.0585715],[8.1135194,49.059724],[8.113564,49.0597265],[8.1135538,49.0597899],[8.1135494,49.0598531],[8.1135095,49.0598538],[8.1134512,49.0609887],[8.1132617,49.060986],[8.1132177,49.0622213],[8.1115461,49.0621373],[8.1095746,49.0620266],[8.108462,49.0619998],[8.1084607,49.0620266],[8.1085043,49.0620284],[8.1084498,49.0630316],[8.108415,49.063284],[8.1083639,49.0632826],[8.1083441,49.0633054],[8.1081205,49.063225],[8.1083005,49.0646539],[8.1069057,49.0646075],[8.1055368,49.0644422],[8.1054359,49.0644989],[8.1054359,49.0645115],[8.1050391,49.064515],[8.104945,49.064473],[8.1048155,49.0643712],[8.1047058,49.0643105],[8.1046164,49.0642801],[8.1044862,49.0642519],[8.1042838,49.06423],[8.1038291,49.0642091],[8.1037248,49.0642135],[8.1036395,49.0642439],[8.1035598,49.0642948],[8.1035032,49.0643524],[8.1034384,49.064398],[8.1033444,49.0644342],[8.1032469,49.0644565],[8.102996,49.0645025],[8.1027888,49.0645324],[8.1024527,49.0645695],[8.102375,49.0645892],[8.1021507,49.0646718],[8.1020245,49.0646955],[8.1016653,49.0647004],[8.1014948,49.0648581],[8.1014124,49.0649001],[8.1011697,49.0649492],[8.1009904,49.0649751],[8.1007061,49.0649608],[8.1004927,49.0649805],[8.1002971,49.0649456],[8.1001328,49.0649398],[8.1000666,49.0649586],[8.1000237,49.0649787],[8.0999848,49.0650148],[8.0998369,49.0650912],[8.0995404,49.0651015],[8.0992315,49.0651774],[8.098768,49.065311],[8.0981565,49.0655531],[8.0978715,49.0656768],[8.0978558,49.0656665],[8.0976895,49.0654285],[8.0965224,49.0658349],[8.0960554,49.0658233],[8.0956798,49.0659443],[8.095161,49.0660582],[8.0947567,49.0660721],[8.0943613,49.0660475],[8.0940443,49.0661775],[8.0933483,49.0661672],[8.093351,49.0661913],[8.0929099,49.0662244],[8.0927027,49.0662217],[8.0928015,49.0662749],[8.0923203,49.0663535],[8.0916303,49.066496],[8.091629,49.0665076],[8.0915131,49.0665062],[8.0913433,49.0665679],[8.0912043,49.0666523],[8.09104,49.066726],[8.0909132,49.0667465],[8.0908021,49.0667497],[8.0903896,49.0666751],[8.0903344,49.0666831],[8.0899608,49.0668457],[8.0897297,49.0668886],[8.0895852,49.0669113],[8.0892723,49.0668716],[8.0891523,49.0668926],[8.0890309,49.0668921],[8.088913,49.0668801],[8.0888367,49.0668345],[8.0887344,49.0667153],[8.0885735,49.0666233],[8.0884058,49.066563],[8.0883581,49.0665558],[8.0880186,49.0665938],[8.0878229,49.066592],[8.08748,49.0665616],[8.0871903,49.0665125],[8.0870492,49.0664589],[8.0869169,49.0663624],[8.0868351,49.0663262],[8.0867138,49.0663079],[8.0865174,49.0662936],[8.0863157,49.0662601],[8.0860082,49.0661574],[8.0858412,49.066127],[8.0854131,49.0661288],[8.0853224,49.0661159],[8.0848036,49.0659725],[8.0843646,49.065985],[8.0841737,49.0659805],[8.0838805,49.0659488],[8.0835441,49.0658916],[8.0696198,49.0631888],[8.069628,49.0631667],[8.0696371,49.0631402],[8.0699199,49.0623453],[8.0699355,49.0622298],[8.0699721,49.0611467],[8.0699748,49.0610684],[8.0699798,49.0610325],[8.069992,49.0609459],[8.0699994,49.0608937],[8.0700087,49.0608279],[8.0700211,49.0607392],[8.0700353,49.0606375],[8.0700483,49.0605456],[8.0700864,49.0602744],[8.0701046,49.060145],[8.0701348,49.05993],[8.0701623,49.0597349],[8.0701716,49.0596687],[8.0701869,49.0595601],[8.0701944,49.0595055],[8.0702038,49.0594398],[8.0702123,49.0593793],[8.0702266,49.0592774],[8.0702452,49.0591447],[8.0702507,49.0591054],[8.0702581,49.059055],[8.0702659,49.0590017],[8.0702763,49.0589307],[8.070292,49.0588227],[8.0703025,49.0587508],[8.070326,49.0585891],[8.0703368,49.0585155],[8.0703426,49.0584752],[8.0703485,49.0584348],[8.0704606,49.0576663],[8.0704755,49.0575646],[8.0704868,49.0575313],[8.0704932,49.0574863],[8.0705069,49.0573905],[8.0701765,49.0572649],[8.0701853,49.0572025],[8.0701884,49.0571857],[8.0701896,49.0571768],[8.0702031,49.0570774],[8.0702042,49.0570699],[8.0702131,49.0570057],[8.0702024,49.0570029],[8.0701322,49.0569847],[8.0700909,49.0569679],[8.0700055,49.056933],[8.0698979,49.0568891],[8.0701145,49.0561799],[8.0702045,49.0558852],[8.0704064,49.0552244],[8.0704173,49.0551887],[8.0706333,49.0544835],[8.0706121,49.054469],[8.0705015,49.0544085],[8.0704165,49.0543622],[8.0702256,49.0542578],[8.0701831,49.0542396],[8.0701129,49.0542094],[8.0699748,49.0541499],[8.0699785,49.0541084],[8.0699823,49.0540669],[8.0699861,49.0540247],[8.0703007,49.0531802],[8.070376,49.0532128],[8.0705041,49.0532682],[8.0705393,49.0532364],[8.0705741,49.053205],[8.0706039,49.0531781],[8.0710628,49.0519842],[8.0709336,49.051929],[8.0709503,49.0518955],[8.0709707,49.0518548],[8.0709898,49.0518165],[8.071181,49.051319],[8.0719051,49.0510889],[8.0720048,49.0510572],[8.0720832,49.0510614],[8.0719704,49.0510179],[8.0716055,49.050877],[8.0715753,49.0508642],[8.0715179,49.0508399],[8.071568,49.050807],[8.0716024,49.0507843],[8.0716014,49.0507508],[8.0715953,49.0505594],[8.0715898,49.0503882],[8.0715844,49.0502166],[8.0715823,49.0501484],[8.0715802,49.050083],[8.0715781,49.0500183],[8.0715238,49.0493187],[8.0717782,49.0482774],[8.0719184,49.0477031],[8.0720037,49.0470575],[8.0722062,49.0465985],[8.0723226,49.0460976],[8.0725798,49.0454893],[8.072737,49.044851],[8.0730632,49.0439389],[8.073125,49.0437816],[8.073395,49.0431289],[8.0738674,49.0425543],[8.0743262,49.041672],[8.0744919,49.041143],[8.0745941,49.0408167],[8.074509,49.0400471],[8.0744955,49.0391516],[8.0744987,49.0391201],[8.0745678,49.0384519],[8.0748541,49.0372028],[8.0752173,49.036292],[8.0758695,49.0353396],[8.075913,49.0350388],[8.0760413,49.0341499],[8.0766008,49.0333098],[8.0763791,49.0331729],[8.0763463,49.0331526],[8.0759389,49.0329011],[8.0753085,49.0326893],[8.0746314,49.0324737],[8.0744554,49.0319923],[8.0743557,49.0308758],[8.0743493,49.0308486],[8.0743066,49.0305628],[8.0742238,49.0300805],[8.0749212,49.0283051],[8.0750546,49.0280795],[8.0750623,49.0279711],[8.0751181,49.027188],[8.0737965,49.0246019],[8.0737964,49.0245633],[8.0738385,49.0229714],[8.0738411,49.0228729],[8.0738448,49.0227307],[8.0744785,49.0208935],[8.0744471,49.0183168],[8.074447,49.0183069],[8.074445,49.0182992],[8.0743363,49.0178872],[8.0740886,49.0169483],[8.0725235,49.015503],[8.0725146,49.0154729],[8.0724494,49.0152821],[8.071959,49.0145134],[8.0719494,49.0144983],[8.0718634,49.0143636],[8.0716309,49.0139991],[8.0701474,49.0130789],[8.0686571,49.0119738],[8.0686055,49.0119359],[8.0685563,49.0118999],[8.0667451,49.0110153],[8.0662279,49.0093005],[8.0665236,49.0075284],[8.0664586,49.0060297],[8.066954,49.0051482],[8.067154,49.0049444],[8.067763,49.0041507],[8.068112,49.0036958],[8.0686531,49.0030488],[8.0686663,49.0029813],[8.0687027,49.0027976],[8.0687581,49.0025165],[8.0688149,49.0017585],[8.0687121,49.0011603],[8.0686651,49.0009071],[8.0690294,49.0007374],[8.0691058,49.0007037],[8.0691439,49.0006768],[8.0692565,49.0005976],[8.0693421,49.0005382],[8.0693971,49.0005041],[8.0695946,49.0003895],[8.0696669,49.0003442],[8.0697625,49.0002791],[8.06986,49.000214],[8.0702366,48.999926],[8.070282,48.999892],[8.0703171,48.9998614],[8.0703505,48.9998241],[8.0703738,48.9997915],[8.0703967,48.9997496],[8.0704004,48.9997331],[8.0703995,48.9997107],[8.0703941,48.9996828],[8.0703566,48.9995469],[8.0703519,48.9995297],[8.0703845,48.9995292],[8.0709213,48.9995222],[8.0710854,48.9995244],[8.0711463,48.999524],[8.0712135,48.9995236],[8.0732665,48.99943],[8.0739823,48.9993974],[8.0740446,48.9993919],[8.0754608,48.9992737],[8.0755583,48.9992656],[8.0754825,48.9991164],[8.0758469,48.9989986],[8.0756285,48.9984683],[8.0775879,48.9978437],[8.0795472,48.9972268],[8.081409,48.9966377],[8.0832477,48.996055],[8.0850369,48.9954876],[8.0857057,48.995276],[8.0868405,48.9949171],[8.0886104,48.9943568],[8.0901277,48.9938752],[8.0914793,48.993445],[8.0914643,48.9934261],[8.0914876,48.9934185],[8.0918047,48.9933156],[8.0920544,48.9932346],[8.0922563,48.9931691],[8.0922762,48.9931628],[8.0923423,48.9931417],[8.0944881,48.9924598],[8.0945037,48.9924814],[8.0948083,48.9923924],[8.0952832,48.9922791],[8.0957827,48.9922022],[8.0962784,48.9921899],[8.0982441,48.9922395],[8.1003287,48.992296],[8.1021546,48.9923437],[8.1037625,48.992384],[8.1044359,48.9923678],[8.1044843,48.9923608],[8.1045988,48.9923442],[8.1050179,48.9922834],[8.1062054,48.9919822],[8.1075533,48.991638],[8.1090034,48.9912735],[8.110482,48.9908898],[8.1113857,48.9906588],[8.1119043,48.9905263],[8.1132441,48.9901819],[8.114535,48.9898545],[8.1160024,48.9894728],[8.1173725,48.9891199],[8.1188598,48.9887386],[8.120221,48.9883896],[8.1216896,48.9880076],[8.1230193,48.9876686],[8.1236457,48.987509],[8.1246812,48.9872453],[8.1250838,48.9871045],[8.1263929,48.9865935],[8.1267035,48.9864596],[8.1270353,48.9862352],[8.1288315,48.9845921],[8.1290091,48.9844999],[8.1293451,48.9844098],[8.1293853,48.984403],[8.1301004,48.9855673],[8.1342323,48.9870641],[8.1342984,48.9870825],[8.1370354,48.9878385],[8.1371616,48.9878041],[8.137113,48.985121],[8.1370841,48.9847387],[8.1370527,48.9843244],[8.137092,48.9843211],[8.1371192,48.9843189],[8.1374089,48.984295],[8.1376963,48.9842713],[8.137983,48.9842476],[8.1381375,48.9842348],[8.1382667,48.9842242],[8.1385516,48.9842007],[8.1388364,48.9841772],[8.139124,48.9841535],[8.1392509,48.984143],[8.1394109,48.9841298],[8.139701,48.9841058],[8.1399935,48.9840817],[8.1402897,48.9840573],[8.1405899,48.9840325],[8.140884,48.9840082],[8.1415298,48.9839549],[8.1415665,48.9839519],[8.1423976,48.9842592],[8.1424187,48.984267],[8.1426185,48.984341],[8.1427437,48.9843873],[8.1428156,48.9844139],[8.1428602,48.9844304],[8.142976,48.9844733],[8.1430921,48.9845162],[8.1432066,48.9845586],[8.1433042,48.9845947],[8.1433936,48.9846278],[8.1434902,48.9846635],[8.1435892,48.9847001],[8.1436815,48.9847342],[8.1437726,48.9847679],[8.143884,48.984809],[8.1440147,48.9848573],[8.1441318,48.9849006],[8.1442365,48.9849393],[8.1443477,48.9849803],[8.1444691,48.9850252],[8.1445829,48.9850672],[8.1446978,48.9851096],[8.1448159,48.9851532],[8.144934,48.9851968],[8.1450484,48.985239],[8.1460329,48.9848472],[8.1460517,48.9848397],[8.1461413,48.9848041],[8.1461666,48.984794],[8.1470739,48.9844281],[8.1471567,48.9843948],[8.148356,48.9839145],[8.1493627,48.9835163],[8.1506916,48.9829905],[8.1507238,48.9829777],[8.1515189,48.9826611],[8.1533049,48.9819497],[8.1531925,48.9817815],[8.1528991,48.9813425],[8.1528285,48.9812362],[8.1525768,48.9808606],[8.1525245,48.9807825],[8.1525152,48.9807686],[8.1524679,48.9806977],[8.1527899,48.9806464],[8.1529213,48.9806255],[8.1530503,48.9806049],[8.1531394,48.9805907],[8.1532124,48.9805791],[8.153297,48.9805656],[8.1533676,48.9805543],[8.1534458,48.9805419],[8.1535071,48.9805321],[8.1535757,48.9805212],[8.1536309,48.9805124],[8.1537775,48.9804891],[8.1539265,48.9804653],[8.1540243,48.9804498],[8.1542017,48.9804216],[8.1542343,48.9804164],[8.1556336,48.9801935],[8.1563302,48.9802107],[8.1563536,48.9802113],[8.1567806,48.9802218],[8.1570119,48.9802275],[8.1570395,48.9802281],[8.1579289,48.98025],[8.1593465,48.9805265],[8.1596204,48.98058],[8.1613241,48.9809383],[8.1613749,48.980949],[8.1614193,48.9810109],[8.1614447,48.9810462],[8.1619481,48.9812862],[8.1621003,48.9813587],[8.1622228,48.9814172],[8.1623224,48.9814647],[8.1624234,48.9815128],[8.1625345,48.9815657],[8.1626494,48.9816205],[8.1627761,48.9816808],[8.1628985,48.9817392],[8.1630144,48.9817952],[8.1631379,48.981854],[8.163271,48.9819174],[8.163398,48.9819779],[8.1635327,48.9820421],[8.1636763,48.9821105],[8.1641332,48.9823275],[8.1648025,48.9827017],[8.1649704,48.9827719],[8.1651759,48.9828463],[8.1658922,48.9830543],[8.1659018,48.983057],[8.1662006,48.983204],[8.1662407,48.9832237],[8.1664541,48.9834109],[8.1664678,48.9834222],[8.1665622,48.9835524],[8.1666323,48.9836184],[8.1666641,48.9836391],[8.1666838,48.9836526],[8.1667122,48.9836704],[8.1668486,48.9837347],[8.1668612,48.9837387],[8.1670068,48.9837848],[8.1671665,48.9838225],[8.1671888,48.983827],[8.1673034,48.9838402],[8.1674102,48.9838511],[8.1674287,48.983851],[8.1675448,48.9838489],[8.1676058,48.9838478],[8.1676644,48.9838375],[8.167769,48.9838193],[8.1678537,48.9838022],[8.1679394,48.9837841],[8.168013,48.9837686],[8.168018,48.9837668],[8.1681376,48.983774],[8.1682565,48.9837801],[8.1683028,48.9837818],[8.1683749,48.983779],[8.1684391,48.9837757],[8.1684566,48.9837741],[8.1684916,48.9837716],[8.1685735,48.9837638],[8.1686158,48.9837591],[8.1686471,48.9837525],[8.1688025,48.9837163],[8.1689056,48.9836923],[8.1690279,48.9836638],[8.1690731,48.9836533],[8.1691093,48.9836442],[8.1691283,48.9836375],[8.1692115,48.9836069],[8.1693032,48.9835732],[8.1693352,48.9835612],[8.1694049,48.9835315],[8.1694626,48.9835069],[8.169509,48.9834861],[8.1695545,48.9834671],[8.1695769,48.9834568],[8.1695994,48.9834316],[8.1696653,48.9833551],[8.1697232,48.983287],[8.1697533,48.9832491],[8.1698417,48.983134],[8.1698471,48.9831271],[8.1699354,48.9830551],[8.1700153,48.9829899],[8.1700608,48.9829528],[8.1701048,48.9829168],[8.1701274,48.9828984],[8.1701474,48.9828821],[8.1701608,48.9828442],[8.1701812,48.9827867],[8.1702918,48.9824754],[8.1705089,48.9824777],[8.1705769,48.9824758],[8.1706103,48.9824746],[8.1716987,48.9824332],[8.1730588,48.9823825],[8.1736535,48.9823603],[8.1738057,48.9823795],[8.1740511,48.9824093],[8.1742855,48.9824377],[8.1745189,48.982466],[8.1749428,48.9825173],[8.1770562,48.9827734],[8.1770921,48.9827847],[8.1795459,48.9835865],[8.1797443,48.9836047],[8.1822223,48.9838308],[8.1822529,48.9838345],[8.1822804,48.9838039],[8.1826369,48.9834068],[8.1826151,48.9834648],[8.1826025,48.9834984],[8.1825369,48.9836732],[8.1824452,48.9839173],[8.1823004,48.9843191],[8.1833865,48.984488],[8.1853073,48.9845402],[8.1853386,48.9845492],[8.1853699,48.9845582],[8.1855855,48.9846207],[8.185819,48.9846884],[8.185949,48.9847261],[8.186086,48.9847658],[8.1862094,48.9848015],[8.1863452,48.9848409],[8.186481,48.9848802],[8.1866131,48.9849185],[8.1867478,48.9849574],[8.1868903,48.9849986],[8.1870159,48.9850348],[8.1871401,48.9850707],[8.1872787,48.9851107],[8.1874046,48.9851471],[8.1875403,48.9851863],[8.1876761,48.9852255],[8.1878635,48.9852796],[8.1892078,48.9846456],[8.1892401,48.9846303],[8.1892731,48.984645],[8.1893293,48.9846699],[8.1893507,48.9846794],[8.1894206,48.9847105],[8.1894483,48.9847227],[8.1894607,48.9847282],[8.1895005,48.9847459],[8.1895702,48.9847768],[8.1896915,48.9848307],[8.1897246,48.9848454],[8.1898144,48.9848852],[8.1898837,48.984916],[8.189962,48.9849508],[8.1900414,48.984986],[8.1901206,48.9850211],[8.1935794,48.9840525],[8.1936421,48.9840347],[8.1946544,48.9846417],[8.1967116,48.98583],[8.198768,48.9870191],[8.2008141,48.9882134],[8.2028669,48.9894082],[8.2038618,48.9900017],[8.2038757,48.989992],[8.2039786,48.9900515],[8.2039577,48.9900603],[8.2049224,48.9905971],[8.2059726,48.9912192],[8.20611,48.9913047],[8.2064525,48.9915176],[8.2071664,48.9919354],[8.2072532,48.9919854],[8.2073775,48.9919683],[8.2075649,48.9919425],[8.2076404,48.9919396],[8.2077411,48.9919358],[8.2078239,48.9919326],[8.2078957,48.9919438],[8.2080289,48.9919758],[8.2080642,48.9919843],[8.2081268,48.9920044],[8.2082106,48.9920313],[8.2082506,48.9920359],[8.2083236,48.9920443],[8.2083651,48.9920491],[8.2085098,48.9920762],[8.2085575,48.9920961],[8.20862,48.992171],[8.2086715,48.9922097],[8.2086825,48.99222],[8.208686,48.9922315],[8.2086846,48.9922437],[8.2086781,48.9922534],[8.2086665,48.9922615],[8.2086494,48.9922667],[8.2085215,48.992346],[8.2085072,48.9923661],[8.208505,48.9923736],[8.2085084,48.9923815],[8.2085169,48.9923871],[8.2085316,48.9923888],[8.2085798,48.9923968],[8.2086349,48.9924059],[8.2086747,48.9924215],[8.2087402,48.9924698],[8.2087734,48.9924943],[8.2087841,48.9925036],[8.2087982,48.9925103],[8.2088137,48.992514],[8.2088274,48.992515],[8.2088442,48.9925144],[8.2089468,48.9925022],[8.2090417,48.9924685],[8.2091723,48.9924222],[8.2092133,48.9924193],[8.2092395,48.9924379],[8.209263,48.9924546],[8.2092816,48.9924679],[8.2093034,48.9924804],[8.2093232,48.9924918],[8.2093433,48.9925012],[8.2093639,48.9925109],[8.2094039,48.9925297],[8.2094232,48.9925425],[8.2094374,48.9925547],[8.2094521,48.9925683],[8.2094638,48.9925812],[8.2094751,48.9925964],[8.2095028,48.9926111],[8.2095668,48.992615],[8.2096325,48.9926306],[8.209651,48.9926309],[8.2096722,48.9926312],[8.209692,48.9926297],[8.2097129,48.992628],[8.2097314,48.9926252],[8.2097481,48.9926219],[8.2097674,48.9926168],[8.2098842,48.9925904],[8.2100408,48.9926187],[8.210288,48.99265],[8.2103765,48.9926467],[8.2103933,48.9926488],[8.2104099,48.992648],[8.2104248,48.9926444],[8.2104379,48.9926384],[8.2104473,48.9926311],[8.2104544,48.992621],[8.2104574,48.992608],[8.2104629,48.9926015],[8.2104711,48.9925944],[8.2104808,48.9925888],[8.2104918,48.9925844],[8.2105039,48.9925813],[8.2105168,48.9925792],[8.2105294,48.9925789],[8.210539,48.9925795],[8.2105477,48.9925808],[8.2105785,48.9926028],[8.2106085,48.9926242],[8.2106209,48.9926206],[8.2106303,48.9926179],[8.21064,48.9926146],[8.2106507,48.9926099],[8.2106604,48.9926049],[8.2106677,48.9926004],[8.2106765,48.9925942],[8.2106824,48.9925894],[8.2106892,48.9925829],[8.2106945,48.9925872],[8.2107015,48.9925912],[8.2107117,48.992594],[8.2107218,48.9925946],[8.210732,48.9925936],[8.210743,48.9925896],[8.2107507,48.9925843],[8.210755,48.9925789],[8.2107569,48.9925719],[8.2107566,48.9925659],[8.2107534,48.9925595],[8.2107362,48.9925076],[8.2107342,48.9925005],[8.2107333,48.9924938],[8.2107339,48.9924878],[8.2107355,48.9924816],[8.2107375,48.9924755],[8.2107405,48.9924699],[8.210744,48.9924648],[8.210749,48.9924595],[8.2107542,48.9924547],[8.2107614,48.9924498],[8.2107686,48.9924459],[8.210775,48.9924426],[8.2107821,48.9924402],[8.2107898,48.9924359],[8.2107969,48.9924327],[8.2108048,48.9924289],[8.2108129,48.9924253],[8.2108223,48.9924216],[8.2108321,48.9924179],[8.2108412,48.9924144],[8.2108503,48.9924112],[8.2108609,48.9924079],[8.2108705,48.9924046],[8.2108786,48.9924025],[8.2108902,48.9923995],[8.2109083,48.9923946],[8.2109346,48.9923884],[8.210958,48.9923836],[8.210982,48.9923783],[8.2110096,48.9923735],[8.2110372,48.9923687],[8.2110597,48.9923661],[8.2110864,48.992363],[8.2111116,48.9923601],[8.2111369,48.9923581],[8.2111654,48.9923559],[8.2111906,48.9923549],[8.211218,48.9923539],[8.2112465,48.9923535],[8.2112722,48.9923548],[8.2113045,48.992355],[8.2113163,48.9923636],[8.2113251,48.9923745],[8.2113297,48.9923868],[8.21133,48.9923976],[8.2113257,48.9924099],[8.2113175,48.9924199],[8.2113089,48.9924269],[8.2113013,48.9924314],[8.2112725,48.992447],[8.2112659,48.9924485],[8.2112601,48.9924511],[8.2112533,48.9924547],[8.2112481,48.9924587],[8.2112439,48.9924635],[8.2112412,48.9924695],[8.2112402,48.992475],[8.2112408,48.9924805],[8.2112431,48.9924864],[8.2112469,48.9924916],[8.2112527,48.9924966],[8.2112609,48.992501],[8.2113076,48.9926049],[8.2113062,48.9926696],[8.2113027,48.992678],[8.2113046,48.992689],[8.2113119,48.9926987],[8.2113242,48.9927044],[8.2113398,48.9927081],[8.2113588,48.9927058],[8.2114385,48.9927018],[8.2114566,48.9927082],[8.2114639,48.9927151],[8.2114684,48.9927243],[8.2114657,48.9927346],[8.2114454,48.9927893],[8.2114464,48.9928031],[8.2114516,48.9928123],[8.2114651,48.9928231],[8.211486,48.9928304],[8.2115079,48.9928313],[8.2115915,48.9928435],[8.2116162,48.9928471],[8.2116471,48.9928452],[8.2116756,48.9928372],[8.2116975,48.9928261],[8.2117133,48.9928101],[8.2117224,48.9927917],[8.2117466,48.9927101],[8.2117648,48.9926866],[8.2118113,48.9926864],[8.2118317,48.992691],[8.2118525,48.9926903],[8.2118764,48.9926824],[8.2118906,48.99267],[8.2118966,48.9926541],[8.2119063,48.9926374],[8.2119169,48.9926207],[8.2119386,48.9925935],[8.2119645,48.9925693],[8.2119919,48.9925483],[8.2120083,48.9925331],[8.2120198,48.9925145],[8.2120232,48.9924935],[8.2120192,48.9924739],[8.2120068,48.9924543],[8.2119937,48.9924283],[8.2119873,48.9924043],[8.2119848,48.9923756],[8.2119886,48.9923459],[8.2119997,48.9923151],[8.2120526,48.992256],[8.2120586,48.9922458],[8.2120635,48.9922353],[8.2120684,48.9922235],[8.2120715,48.9922067],[8.2120861,48.9921258],[8.2120964,48.9921141],[8.2121058,48.9921054],[8.2121166,48.9920978],[8.2121276,48.9920911],[8.2121442,48.9920833],[8.2122548,48.9920565],[8.2122649,48.9920615],[8.2122792,48.9920651],[8.2122935,48.9920651],[8.2123071,48.992063],[8.212321,48.9920566],[8.2123359,48.9920281],[8.2123462,48.9920165],[8.2123604,48.9920052],[8.2123778,48.9919958],[8.212401,48.9919874],[8.2124242,48.9919812],[8.2124536,48.9919783],[8.212478,48.9919786],[8.2124972,48.9919815],[8.2125153,48.9919858],[8.2125999,48.9920237],[8.2128095,48.9919963],[8.2129135,48.9919935],[8.2129521,48.9919924],[8.2129665,48.9919828],[8.2129809,48.9919731],[8.2129962,48.9919611],[8.2130137,48.9919453],[8.2130336,48.9919259],[8.2130548,48.9919054],[8.2130771,48.991884],[8.213086,48.9918536],[8.2130913,48.9918391],[8.213099,48.9918282],[8.2131103,48.9918177],[8.2131323,48.9918056],[8.2131783,48.991784],[8.2132207,48.9917641],[8.2132683,48.9917502],[8.2133249,48.9917662],[8.2134858,48.9918818],[8.213507,48.9918931],[8.2135337,48.9919029],[8.2135611,48.9919095],[8.2135902,48.9919137],[8.2136175,48.991914],[8.2136559,48.9919114],[8.2137404,48.9919016],[8.213834,48.9918605],[8.2139108,48.9918444],[8.2140555,48.9918108],[8.2140609,48.9917926],[8.2140452,48.9917879],[8.2140354,48.9917826],[8.2140262,48.9917764],[8.2140202,48.9917686],[8.2140162,48.9917598],[8.2140161,48.9917485],[8.2140183,48.9917402],[8.2140233,48.9917332],[8.2140293,48.9917268],[8.2140381,48.9917212],[8.2140516,48.9917154],[8.2140666,48.9917108],[8.2140829,48.9917069],[8.2141022,48.9917043],[8.2141199,48.9917037],[8.2141364,48.9917049],[8.2141509,48.991707],[8.214166,48.9917099],[8.214182,48.9917156],[8.2142165,48.9917349],[8.2142577,48.991758],[8.2143412,48.9918048],[8.2144331,48.9918752],[8.2144893,48.9919183],[8.2144987,48.9919283],[8.2145095,48.9919376],[8.2145246,48.9919468],[8.2145416,48.9919547],[8.2145563,48.99196],[8.2145756,48.9919644],[8.2146891,48.9920068],[8.2147264,48.9920193],[8.2147561,48.992031],[8.2147877,48.9920452],[8.2148146,48.9920586],[8.2148391,48.992073],[8.2148626,48.9920886],[8.2148837,48.9921045],[8.2149158,48.9921321],[8.2149421,48.9921269],[8.2149709,48.9920219],[8.2150242,48.9919524],[8.2150316,48.9919425],[8.2150442,48.9919341],[8.215061,48.9919278],[8.2150785,48.9919245],[8.2150973,48.9919249],[8.2151158,48.9919292],[8.2151849,48.9919562],[8.2152624,48.9919769],[8.2153567,48.9919906],[8.215382,48.9919925],[8.2154045,48.9919916],[8.2154261,48.9919909],[8.2154506,48.9919872],[8.215471,48.9919833],[8.2154918,48.9919776],[8.2155232,48.9919698],[8.2155614,48.991962],[8.2156004,48.9919564],[8.2156315,48.9919528],[8.2156664,48.9919487],[8.2156965,48.9919471],[8.2157297,48.9919459],[8.2157828,48.9919473],[8.2158477,48.9919522],[8.215922,48.991962],[8.2159856,48.9919734],[8.2160316,48.9919842],[8.2160776,48.9919966],[8.2163798,48.9920823],[8.2164846,48.9921015],[8.2165683,48.9921169],[8.2166985,48.9921477],[8.2167105,48.9921838],[8.21672,48.992212],[8.2168427,48.9925791],[8.2169003,48.9927514],[8.2169749,48.9928545],[8.2175847,48.9946687],[8.2175073,48.9946852],[8.2174226,48.9947033],[8.217351,48.9947187],[8.2171885,48.9947534],[8.2159508,48.9950183],[8.2153968,48.9952394],[8.214912,48.9955784],[8.2144735,48.9964422],[8.2144881,48.9970421],[8.2148805,48.997559],[8.2154028,48.9977542],[8.2160312,48.997715],[8.2170475,48.9973914],[8.218139,48.9975378],[8.2183618,48.997996],[8.2192791,48.998629],[8.2196678,48.9988972],[8.2206902,48.9993314],[8.2213267,49.0000028],[8.2212815,49.0003258],[8.2209217,49.0006113],[8.2209397,49.000613],[8.2219761,49.0007063],[8.2220118,49.0007229],[8.2220293,49.0007309],[8.2220593,49.0007449],[8.222094,49.000761],[8.2229237,48.9998626],[8.2229519,48.999832],[8.2234041,48.9993423],[8.2237507,48.9989668],[8.2237669,48.9989493],[8.224472,48.9981857],[8.2245138,48.9981404],[8.224832,48.998695],[8.2255603,48.9988941],[8.2261613,48.9990323],[8.2253066,49.0005346],[8.2248237,49.0018624],[8.2237306,49.000962],[8.2230244,49.001392],[8.2222358,49.001592],[8.2205109,49.0013807],[8.2207179,49.0028443],[8.2203722,49.0032554],[8.2203499,49.0032819],[8.2206489,49.0043531],[8.2214768,49.005183],[8.2219085,49.006902],[8.2235524,49.0075621],[8.2269103,49.0074716],[8.2311653,49.0082712],[8.2294336,49.0096991],[8.2300734,49.011521],[8.2343344,49.014881],[8.2336351,49.0149664],[8.2327406,49.0155317],[8.2323503,49.0169183],[8.2302484,49.016955],[8.22988,49.0169307],[8.2297146,49.0168847],[8.228155,49.0161183],[8.2269996,49.0157557],[8.2266556,49.0160047],[8.2256371,49.0154245],[8.225223,49.0154566],[8.225673,49.0166308],[8.2257479,49.0170059],[8.2246677,49.0208851],[8.2261167,49.0226196],[8.2240167,49.0234155],[8.2245823,49.0258077],[8.2273653,49.0260716],[8.2266753,49.0273158],[8.2317295,49.0291059],[8.2311807,49.0294671],[8.2308038,49.0299183],[8.2317337,49.0307094],[8.2320671,49.0307414],[8.2323842,49.031024],[8.2325225,49.0314985],[8.2323273,49.0318717],[8.2323517,49.0324741],[8.232479,49.0325927],[8.2333327,49.0329892],[8.2357722,49.0346525],[8.2374677,49.034813],[8.2385947,49.0353257],[8.2389397,49.0364867],[8.2398722,49.037716],[8.2407808,49.0386087],[8.2416835,49.0392269],[8.2427875,49.0398601],[8.2435925,49.0401315],[8.2442135,49.0402446],[8.244961,49.0402219],[8.246479,49.0399506],[8.2476175,49.039649],[8.2482384,49.0395133],[8.2485719,49.0395133],[8.2493539,49.0411869],[8.249545,49.0414384],[8.2497254,49.0414721],[8.2504893,49.0350756],[8.2559983,49.0338243],[8.2568608,49.0342691],[8.2596287,49.0328568],[8.2576617,49.0313604],[8.256617,49.028858],[8.2565359,49.028772],[8.256032,49.0281273],[8.2558967,49.0279766],[8.2560337,49.0279295],[8.2561396,49.0278846],[8.2562342,49.0279702],[8.2567462,49.0283444],[8.2574278,49.0287143],[8.2574929,49.0288129],[8.2584833,49.0291681],[8.2604983,49.0295342],[8.2623677,49.0297093],[8.265281,49.0294227],[8.2669805,49.0287701],[8.2683307,49.0276384],[8.2722244,49.0242332],[8.273935,49.0219907],[8.2751024,49.0199643],[8.2765447,49.0188106],[8.2765266,49.0180611],[8.2760653,49.017058],[8.276041,49.0165167],[8.2762838,49.0153862],[8.2766479,49.0145423],[8.2781774,49.0125041],[8.2783717,49.0128226],[8.2809208,49.0099881],[8.2804231,49.0096702],[8.2812728,49.0079583],[8.281989,49.0072178],[8.2827902,49.0066843],[8.2854365,49.0059437],[8.2864561,49.0066843],[8.2916379,49.0035574],[8.2931933,49.0059085],[8.2935368,49.006579],[8.2940777,49.0074219],[8.2948996,49.0088337],[8.2952015,49.0093637],[8.2953765,49.0096917],[8.2958604,49.0105956],[8.2963604,49.0115454],[8.2967473,49.0123814],[8.2973372,49.0137012],[8.2974883,49.0140485],[8.2975642,49.0142231],[8.2979351,49.0150891],[8.2987797,49.0172094],[8.298835,49.0174198],[8.2994362,49.0193003],[8.2994679,49.0193996],[8.2999678,49.0209644],[8.2999998,49.0210894],[8.3000678,49.0213684],[8.3006397,49.0236911],[8.3010356,49.0260218],[8.3014345,49.0283306],[8.3017075,49.0300014],[8.3019035,49.0312443],[8.3020184,49.0318782],[8.3022374,49.033064],[8.3024894,49.0342849],[8.3027043,49.0349258],[8.3030713,49.0360397],[8.3031363,49.0362607],[8.3032922,49.0367796],[8.3033495,49.0369483],[8.3033972,49.0370886],[8.3044381,49.0402163],[8.304854,49.0416201],[8.3052039,49.04246],[8.3060818,49.0443098],[8.3103372,49.0520159],[8.311236,49.0533888],[8.3138476,49.0567574],[8.3151434,49.0583172],[8.3163233,49.0598891],[8.317859,49.0619568],[8.3193738,49.0635627],[8.3209556,49.0651685],[8.3222344,49.0663514],[8.3262518,49.069785],[8.3286894,49.0718068],[8.3296563,49.0725887],[8.3324359,49.0746065],[8.3337897,49.0755524],[8.338517,49.07876],[8.3406849,49.0804907],[8.3417635,49.0812327],[8.3437672,49.0828156],[8.3449381,49.0837995],[8.3460049,49.0846924],[8.3490964,49.0875081],[8.3506012,49.0888729],[8.3507426,49.0891877],[8.3417464,49.0894565],[8.3385661,49.0878123],[8.3318101,49.090443],[8.330499,49.0912292],[8.3282799,49.0926751],[8.3287972,49.0899846],[8.3292385,49.0886194],[8.3295885,49.0879219],[8.329558,49.087324],[8.3282311,49.0867759],[8.3276197,49.0867286],[8.3267927,49.0868282]]]}},{"type":"Feature","properties":{"osm_id":907159,"name":"Durmersheim","admin_level":8},"geometry":{"type":"Polygon","coordinates":[[[8.2406264,48.9275636],[8.2406373,48.9275576],[8.24354,48.9259001],[8.2466294,48.92404],[8.2498147,48.9227068],[8.2518546,48.9211952],[8.2535961,48.9203353],[8.2559771,48.9194276],[8.2582266,48.9187054],[8.2581871,48.918627],[8.2598159,48.9180791],[8.26114,48.9177093],[8.2607974,48.9171515],[8.2609869,48.9170994],[8.2627715,48.9167888],[8.2628073,48.9168446],[8.2657344,48.9161742],[8.2655561,48.915924],[8.2658265,48.9158526],[8.2656497,48.9156119],[8.2658753,48.9155568],[8.2656207,48.9151442],[8.2660003,48.9150564],[8.2659237,48.9148919],[8.2666015,48.9147794],[8.2667463,48.9149771],[8.267499,48.914829],[8.2677682,48.9151798],[8.2701394,48.9144151],[8.2723945,48.9129889],[8.2724333,48.9130185],[8.2738115,48.9120277],[8.2748981,48.9128737],[8.2766535,48.912192],[8.2758077,48.9112996],[8.2777389,48.9104639],[8.2790819,48.9096877],[8.279804,48.9094302],[8.2804472,48.9098625],[8.2813456,48.9094267],[8.2833271,48.9083989],[8.2822162,48.907497],[8.2834497,48.9067561],[8.2862666,48.908326],[8.2882736,48.9092475],[8.2909436,48.9103418],[8.2922126,48.9109487],[8.2941547,48.9119923],[8.2965312,48.9135629],[8.296676,48.9136205],[8.3007637,48.9152222],[8.3107721,48.9201021],[8.3165497,48.9230815],[8.3286242,48.9232174],[8.339525,48.9233711],[8.3486881,48.9233784],[8.35013,48.9271881],[8.350171,48.9271999],[8.3507225,48.9277363],[8.3512573,48.9285277],[8.3530309,48.9300934],[8.3534335,48.9306137],[8.3539356,48.9313683],[8.3539502,48.9327223],[8.3541875,48.9332863],[8.3543532,48.9338555],[8.3545151,48.9345752],[8.3524375,48.9350562],[8.3505053,48.9354544],[8.3481884,48.9359825],[8.3468074,48.9363952],[8.3449887,48.9367817],[8.3431701,48.9374549],[8.3418313,48.9378949],[8.3389738,48.939097],[8.3344702,48.9405163],[8.3322567,48.941076],[8.330329,48.9414814],[8.3110448,48.9494728],[8.3078824,48.949829],[8.3065848,48.9498766],[8.3054757,48.9499814],[8.3052598,48.948957],[8.3025832,48.9493085],[8.3025571,48.9492288],[8.3019985,48.9492869],[8.3018826,48.9483273],[8.3018211,48.94721],[8.3008049,48.9472106],[8.3001376,48.9474208],[8.2988214,48.9476765],[8.2970784,48.9477403],[8.296117,48.9475599],[8.2951537,48.9472484],[8.2946038,48.9471745],[8.2948478,48.9486659],[8.2950677,48.9496799],[8.2953479,48.9505716],[8.2932811,48.9507519],[8.2913814,48.9507955],[8.2909181,48.950785],[8.2911426,48.9514132],[8.2887277,48.9510063],[8.2874969,48.9507101],[8.2865302,48.9504137],[8.286032,48.9509881],[8.2861132,48.9510184],[8.2856692,48.9514172],[8.285721,48.9514615],[8.2839921,48.951605],[8.2839461,48.9516724],[8.2835366,48.9517343],[8.281284,48.952019],[8.2795246,48.9523216],[8.2760787,48.9527978],[8.2749909,48.9530393],[8.2743793,48.9530469],[8.2727202,48.9531949],[8.2724975,48.9533134],[8.2722153,48.9533309],[8.2722415,48.9532096],[8.2720314,48.9529962],[8.2719807,48.9528941],[8.2722321,48.9526205],[8.2723276,48.9524501],[8.2721543,48.9518371],[8.2721458,48.9516143],[8.2721967,48.9514093],[8.272187,48.9512561],[8.2719998,48.9510597],[8.2717756,48.9509663],[8.2714889,48.950882],[8.2714902,48.9506103],[8.2715902,48.9503931],[8.2715617,48.9503471],[8.2713558,48.9502509],[8.2709755,48.9501524],[8.2707751,48.9498991],[8.270616,48.9497827],[8.2697634,48.9494123],[8.2696024,48.949385],[8.2689222,48.9493748],[8.2688015,48.9493565],[8.268568,48.9492702],[8.2682078,48.9488967],[8.2679666,48.9487759],[8.2674692,48.9486227],[8.2670792,48.9483924],[8.2663733,48.948213],[8.2661972,48.9481431],[8.2655889,48.9481014],[8.2652921,48.948137],[8.2649985,48.9482185],[8.264806,48.9482187],[8.2622788,48.9478899],[8.2618022,48.9478095],[8.2597139,48.9475973],[8.2586005,48.9473013],[8.2583223,48.947055],[8.2580407,48.9467335],[8.258036,48.9466806],[8.25811,48.9465908],[8.2583228,48.9465035],[8.2584106,48.9464117],[8.2581126,48.9461083],[8.2582265,48.9459097],[8.2582637,48.9457217],[8.2581376,48.9454841],[8.2580683,48.9454509],[8.257753,48.9455933],[8.2575123,48.9454662],[8.2573718,48.9454552],[8.2570183,48.9455603],[8.2568344,48.9456528],[8.2565515,48.9460379],[8.2564675,48.9462786],[8.2562565,48.9462892],[8.2560717,48.9461504],[8.255828,48.9457407],[8.2556456,48.9452055],[8.2551643,48.9447652],[8.2547589,48.9445674],[8.2542108,48.9440614],[8.2540284,48.9439386],[8.2531059,48.943561],[8.252848,48.9435103],[8.2525431,48.9433881],[8.2523382,48.9433359],[8.2518864,48.9432575],[8.2500409,48.9430625],[8.2480366,48.9431444],[8.2469964,48.9434077],[8.2448981,48.9441602],[8.2432883,48.9444433],[8.2417372,48.9446069],[8.2386687,48.9458594],[8.2385947,48.9458237],[8.2384171,48.9455597],[8.2380027,48.9453072],[8.236735,48.9439183],[8.2361281,48.9428852],[8.2353671,48.9423006],[8.2333581,48.9416751],[8.2320492,48.9407827],[8.231203,48.9397112],[8.2307312,48.9396432],[8.2300027,48.9391278],[8.229812,48.9389328],[8.2296176,48.938734],[8.2297415,48.9385848],[8.2316819,48.9381279],[8.2329872,48.9378893],[8.2345977,48.9376311],[8.2366189,48.9377356],[8.2382837,48.9375848],[8.2376766,48.936666],[8.2368308,48.9361551],[8.2349845,48.9355654],[8.2350641,48.9347714],[8.2340797,48.9334845],[8.2326769,48.9330171],[8.2304456,48.9327502],[8.2303768,48.9314376],[8.2310147,48.9302348],[8.2316748,48.9292034],[8.2329795,48.9287397],[8.2343116,48.9284097],[8.2350267,48.9280628],[8.2358666,48.9269062],[8.2361144,48.9261797],[8.2362167,48.9253127],[8.2365576,48.9251364],[8.23672,48.9251863],[8.2372683,48.9252374],[8.2375951,48.9251207],[8.2376089,48.9251158],[8.2387252,48.9264754],[8.2390709,48.926832],[8.2395624,48.9271539],[8.2400826,48.9273719],[8.2406264,48.9275636]]]}},{"type":"Feature","properties":{"osm_id":1250428,"name":"Neupotz","admin_level":8},"geometry":{"type":"Polygon","coordinates":[[[8.3245485,49.0933582],[8.3250292,49.0929792],[8.325353,49.0926847],[8.3257212,49.0922171],[8.3264969,49.0915704],[8.3268019,49.0911323],[8.3271111,49.0904249],[8.3272336,49.0895777],[8.3273564,49.0886806],[8.3268938,49.0876856],[8.3267927,49.0868282],[8.3276197,49.0867286],[8.3282311,49.0867759],[8.329558,49.087324],[8.3295885,49.0879219],[8.3292385,49.0886194],[8.3287972,49.0899846],[8.3282799,49.0926751],[8.330499,49.0912292],[8.3318101,49.090443],[8.3385661,49.0878123],[8.3417464,49.0894565],[8.3507426,49.0891877],[8.3557607,49.0945085],[8.358781,49.0989368],[8.3592209,49.0999927],[8.3596829,49.1012086],[8.3597667,49.1014277],[8.3589759,49.10151],[8.3580142,49.1017013],[8.3574525,49.1021996],[8.3566818,49.1026548],[8.352025,49.1036141],[8.3524389,49.1042437],[8.3511364,49.1064352],[8.3491104,49.1053181],[8.3480986,49.1067019],[8.3462549,49.1073119],[8.3447576,49.1076784],[8.3434064,49.1085709],[8.341843,49.1095251],[8.3404579,49.1108322],[8.3403332,49.1112524],[8.3391016,49.1122782],[8.3363038,49.1134624],[8.3334405,49.1143589],[8.331835,49.1144619],[8.32965,49.1154294],[8.3290766,49.1158668],[8.3282096,49.1168403],[8.3272476,49.1177241],[8.3261304,49.1184333],[8.3241587,49.1190382],[8.3224741,49.1194642],[8.320567,49.1196293],[8.3201382,49.120765],[8.319806,49.1210806],[8.3169176,49.1203744],[8.3168164,49.1215827],[8.3162766,49.1214672],[8.3162766,49.1224761],[8.3161936,49.122481],[8.3161311,49.1233557],[8.3165617,49.1236442],[8.3165204,49.1243592],[8.3165111,49.1247107],[8.3161343,49.1252802],[8.3157139,49.1264006],[8.3153215,49.1273252],[8.3138224,49.1274844],[8.3128094,49.1276324],[8.311199,49.1282129],[8.3111781,49.1280024],[8.3108447,49.1278883],[8.3104395,49.1277526],[8.3098695,49.1277064],[8.3085691,49.1276355],[8.3081072,49.1276042],[8.3078954,49.127321],[8.3070614,49.1272254],[8.3068541,49.1268863],[8.3069389,49.1264269],[8.306656,49.1261702],[8.3067081,49.1248144],[8.3068127,49.1234576],[8.3084937,49.1231803],[8.3087562,49.1231508],[8.3090846,49.1231139],[8.3099401,49.122909],[8.310542,49.1227037],[8.3111137,49.1224511],[8.3117722,49.1221338],[8.3123933,49.1216918],[8.3131908,49.1211994],[8.3135189,49.1209598],[8.3137125,49.1206345],[8.3137407,49.1199715],[8.3139433,49.1196971],[8.3149139,49.1194288],[8.3163933,49.1189694],[8.3159699,49.1184289],[8.3155622,49.1178833],[8.3150345,49.1169952],[8.3148272,49.1166684],[8.3144032,49.1159067],[8.3142801,49.1156135],[8.3147102,49.1155595],[8.3140313,49.1150393],[8.3134566,49.1144778],[8.3130911,49.1137777],[8.3129253,49.1130993],[8.3125562,49.1125028],[8.3119961,49.11141],[8.3119962,49.1108504],[8.3118485,49.1107235],[8.3116957,49.1105922],[8.3114241,49.1094296],[8.3117062,49.10882],[8.3115764,49.1086921],[8.3120284,49.1081838],[8.3124793,49.1076752],[8.312808,49.1072826],[8.3133281,49.1068922],[8.3150215,49.1058835],[8.3151066,49.1057799],[8.3159777,49.104922],[8.3160443,49.1045224],[8.3161502,49.1038687],[8.3161948,49.1036585],[8.3162741,49.1032802],[8.3164137,49.10291],[8.3166424,49.102158],[8.317519,49.1002325],[8.3178183,49.0998654],[8.3185348,49.0990488],[8.31877,49.0986679],[8.3193866,49.0978059],[8.3200348,49.0970559],[8.3207317,49.0963579],[8.3222587,49.0950057],[8.3234546,49.0941813],[8.3245485,49.0933582]]]}},{"type":"Feature","properties":{"osm_id":1250450,"name":"Rheinzabern","admin_level":8},"geometry":{"type":"Polygon","coordinates":[[[8.2818821,49.1023837],[8.2834298,49.10305],[8.2837178,49.1033508],[8.2845842,49.103603],[8.2854993,49.1038632],[8.286475,49.1037302],[8.2871697,49.1041464],[8.2877749,49.1045277],[8.2898535,49.1048017],[8.291215,49.1051182],[8.2918701,49.1052659],[8.292275,49.1055457],[8.2939317,49.1044004],[8.2927587,49.1042179],[8.2925322,49.1040581],[8.2919796,49.1039371],[8.2916522,49.1039627],[8.29129,49.1043278],[8.2909096,49.1041464],[8.2907235,49.1040249],[8.2901569,49.10362],[8.2899693,49.1035899],[8.289219,49.1035504],[8.2886629,49.1035307],[8.2882054,49.1036789],[8.2874577,49.1031729],[8.286688,49.1026508],[8.2861494,49.1024547],[8.2859161,49.1021322],[8.2859792,49.1019804],[8.2860536,49.1017443],[8.2853212,49.1015879],[8.2855023,49.1007411],[8.2856947,49.0999521],[8.2846882,49.099611],[8.2847231,49.0986013],[8.2847287,49.0975929],[8.2853044,49.0971263],[8.285937,49.0966464],[8.2860162,49.0966997],[8.2866212,49.096451],[8.2860433,49.0959101],[8.2859843,49.0957518],[8.2861068,49.0957106],[8.2874977,49.0951591],[8.2878029,49.0950456],[8.2891039,49.0945439],[8.2905478,49.0939804],[8.2932728,49.0929057],[8.2948511,49.0922927],[8.2949613,49.0922478],[8.2952744,49.0921286],[8.2965397,49.0916197],[8.299196,49.0905818],[8.2992024,49.0905417],[8.299656,49.0903484],[8.2996896,49.0903718],[8.301056,49.0898487],[8.3024299,49.0893366],[8.3025587,49.0891464],[8.3029762,49.0888667],[8.3046274,49.0888304],[8.3060192,49.0887945],[8.306616,49.0888064],[8.3077685,49.088871],[8.3089834,49.0889348],[8.3104923,49.0890116],[8.3117827,49.0892777],[8.3121907,49.0897551],[8.3124255,49.0904761],[8.3127065,49.0912495],[8.312861,49.0913659],[8.3130481,49.0914682],[8.3132048,49.0915194],[8.3133762,49.0915547],[8.3148054,49.0915198],[8.3151489,49.0904748],[8.3153337,49.0899444],[8.3155068,49.0894278],[8.3154498,49.0894076],[8.3154652,49.0893541],[8.3155455,49.0893735],[8.3165554,49.0895241],[8.3175432,49.0896708],[8.317613,49.0896339],[8.3176743,49.0896432],[8.317658,49.0896935],[8.3174933,49.0901829],[8.3173469,49.0906067],[8.318313,49.0907493],[8.3192104,49.0908815],[8.3191962,49.0911078],[8.3191878,49.091186],[8.3190821,49.0915487],[8.3189533,49.0917163],[8.3186588,49.0925428],[8.3181545,49.0939291],[8.3174202,49.0959516],[8.3171714,49.0969185],[8.3168864,49.0971651],[8.3160823,49.0976312],[8.3149758,49.0983414],[8.3137437,49.0991786],[8.3131776,49.0993176],[8.3125462,49.0998041],[8.3119108,49.1003198],[8.3117616,49.1004471],[8.3115865,49.1006893],[8.3114402,49.1009303],[8.3108014,49.1019917],[8.3104021,49.1026249],[8.3097086,49.1030322],[8.3095249,49.1031753],[8.3093932,49.103749],[8.3090753,49.1052477],[8.3090018,49.1056706],[8.3093033,49.105878],[8.3096311,49.106081],[8.3099753,49.1061144],[8.3108606,49.1061802],[8.3110639,49.1062208],[8.3111317,49.1063064],[8.3112513,49.1067288],[8.3114283,49.1072934],[8.3115339,49.107727],[8.3115001,49.1078065],[8.3113205,49.1079958],[8.3112142,49.1081147],[8.3111828,49.1081969],[8.3112609,49.1084394],[8.3115764,49.1086921],[8.3117062,49.10882],[8.3114241,49.1094296],[8.3116957,49.1105922],[8.3118485,49.1107235],[8.3119962,49.1108504],[8.3119961,49.11141],[8.3125562,49.1125028],[8.3129253,49.1130993],[8.3130911,49.1137777],[8.3134566,49.1144778],[8.3140313,49.1150393],[8.3147102,49.1155595],[8.3142801,49.1156135],[8.3144032,49.1159067],[8.3148272,49.1166684],[8.3150345,49.1169952],[8.3155622,49.1178833],[8.3159699,49.1184289],[8.3163933,49.1189694],[8.3149139,49.1194288],[8.3139433,49.1196971],[8.3137407,49.1199715],[8.3137125,49.1206345],[8.3135189,49.1209598],[8.3131908,49.1211994],[8.3123933,49.1216918],[8.3117722,49.1221338],[8.3111137,49.1224511],[8.310542,49.1227037],[8.3099401,49.122909],[8.3090846,49.1231139],[8.3087562,49.1231508],[8.3084937,49.1231803],[8.3068127,49.1234576],[8.3067081,49.1248144],[8.306656,49.1261702],[8.3069389,49.1264269],[8.3068541,49.1268863],[8.3070614,49.1272254],[8.3078954,49.127321],[8.3081072,49.1276042],[8.3085691,49.1276355],[8.3098695,49.1277064],[8.3104395,49.1277526],[8.3108447,49.1278883],[8.3111781,49.1280024],[8.311199,49.1282129],[8.3128094,49.1276324],[8.3138224,49.1274844],[8.3153215,49.1273252],[8.3157139,49.1264006],[8.3162689,49.1265458],[8.3162545,49.1278513],[8.3146012,49.1287949],[8.3133661,49.1294407],[8.311513,49.1304594],[8.3088991,49.1318663],[8.3079416,49.1312362],[8.3069176,49.1309821],[8.3060482,49.1308649],[8.3049786,49.1306942],[8.3048395,49.1304926],[8.3014731,49.1305061],[8.2957121,49.1313593],[8.2938793,49.1318698],[8.2925338,49.1325126],[8.2915288,49.1337828],[8.2912254,49.1341871],[8.291067,49.1345011],[8.2906399,49.1345676],[8.2903783,49.1346623],[8.290297,49.1345395],[8.2892624,49.1327632],[8.2863808,49.1328259],[8.2852785,49.130448],[8.2827682,49.1304405],[8.2825272,49.1303818],[8.2820757,49.1302114],[8.2815527,49.1298819],[8.2807034,49.1291362],[8.2794471,49.1275935],[8.2778456,49.1259681],[8.2772751,49.1249102],[8.2769327,49.1242328],[8.2745005,49.1242447],[8.2740086,49.1229141],[8.2736869,49.1223156],[8.2729997,49.1208543],[8.2724896,49.1208252],[8.2721462,49.1204808],[8.2719081,49.1201314],[8.2722931,49.1188669],[8.2724093,49.118504],[8.2719688,49.1184403],[8.2721127,49.1178663],[8.2717642,49.1177402],[8.2722181,49.117012],[8.2720152,49.1170049],[8.2718388,49.1170194],[8.2716696,49.1170166],[8.2714412,49.1169518],[8.2711557,49.116888],[8.2704327,49.1167517],[8.2703406,49.1167344],[8.269314,49.1165416],[8.2686497,49.1163277],[8.2674868,49.1160625],[8.2661862,49.1155599],[8.2655611,49.1152424],[8.2650982,49.1152788],[8.2638825,49.1138083],[8.2550931,49.1105963],[8.2570249,49.1089025],[8.2571506,49.1086535],[8.2573921,49.1081748],[8.2585959,49.106088],[8.2589275,49.1054025],[8.2589955,49.1052787],[8.2590081,49.105047],[8.2590228,49.1044984],[8.2589808,49.1038309],[8.2588981,49.1028845],[8.259087,49.1024788],[8.2592052,49.1022388],[8.2594212,49.1017563],[8.2594537,49.1015912],[8.2615964,49.1011064],[8.2623464,49.1024673],[8.2645052,49.100906],[8.2658149,49.1021912],[8.2667214,49.1027579],[8.2693367,49.1036915],[8.2717799,49.1042877],[8.2723014,49.1044068],[8.2725361,49.1044551],[8.2727024,49.1044849],[8.2727378,49.1043491],[8.2730323,49.1043536],[8.2742907,49.1047267],[8.2751392,49.1047642],[8.2764337,49.1048163],[8.278696,49.1049034],[8.2790062,49.1049162],[8.279186,49.1048282],[8.2795084,49.1047889],[8.2791889,49.103333],[8.2790119,49.1024778],[8.2801651,49.1023451],[8.2818821,49.1023837]]]}},{"type":"Feature","properties":{"osm_id":1250484,"name":"Neuburg am Rhein","admin_level":8},"geometry":{"type":"Polygon","coordinates":[[[8.2425187,48.9950132],[8.2422264,48.9950895],[8.2417096,48.9952712],[8.2392627,48.9960183],[8.234244,48.9959692],[8.2311329,48.9954743],[8.2290539,48.995123],[8.2290383,48.9951508],[8.2289533,48.9951305],[8.2283334,48.9950291],[8.227756,48.994904],[8.2276243,48.9948692],[8.2274778,48.9948304],[8.2263173,48.9945237],[8.2246941,48.9940252],[8.2237841,48.9935497],[8.2229276,48.9929029],[8.2226087,48.9926235],[8.2221093,48.9920551],[8.2216415,48.9913426],[8.2214111,48.9907322],[8.2210457,48.9896934],[8.2210212,48.9896248],[8.2210536,48.9896182],[8.2211263,48.9896732],[8.2211277,48.9896597],[8.2210565,48.9893615],[8.2209854,48.9890635],[8.2209519,48.9883393],[8.2209811,48.988223],[8.2210039,48.9881317],[8.2210479,48.9879564],[8.2210929,48.987777],[8.221158,48.9875174],[8.2211599,48.9875097],[8.2212427,48.9872645],[8.2213053,48.987079],[8.2213223,48.9870287],[8.2216278,48.9862853],[8.2216386,48.9862588],[8.2220192,48.9855406],[8.2220245,48.9855304],[8.2225112,48.9853976],[8.2230506,48.9852392],[8.223332,48.9849979],[8.2234229,48.9849155],[8.2235656,48.9847861],[8.226016,48.982137],[8.2260164,48.9821366],[8.2263329,48.9817294],[8.2264538,48.9815733],[8.2266305,48.9813453],[8.2266739,48.9810345],[8.2266036,48.9809028],[8.2263976,48.980732],[8.22649,48.9807389],[8.2265709,48.9807515],[8.2265966,48.9807555],[8.2269015,48.9808227],[8.2269513,48.9808082],[8.2269998,48.9807942],[8.227007,48.9807921],[8.2270244,48.980787],[8.227073,48.980773],[8.2271748,48.9807435],[8.2272009,48.9806882],[8.2272226,48.9806422],[8.2271194,48.9806276],[8.2270469,48.9806155],[8.2269741,48.9805998],[8.2268938,48.9805781],[8.2268235,48.9805572],[8.2267688,48.9805386],[8.2266496,48.9804971],[8.2265693,48.9804674],[8.2265285,48.980451],[8.2265356,48.9803361],[8.2265338,48.980318],[8.2265248,48.9802284],[8.2265899,48.9801445],[8.2266448,48.9801155],[8.226694,48.9802516],[8.2267154,48.980263],[8.2267447,48.9802282],[8.2267618,48.9802156],[8.2267846,48.9801989],[8.2269414,48.9800837],[8.2269623,48.9800676],[8.2270555,48.9799979],[8.2272862,48.9798428],[8.2273266,48.979813],[8.22755,48.9796455],[8.2277473,48.979501],[8.2280253,48.9792994],[8.2281358,48.979411],[8.2282702,48.9793562],[8.2283962,48.9793063],[8.2285171,48.9792571],[8.2286359,48.9792103],[8.2287633,48.9791603],[8.2288902,48.9791099],[8.2290048,48.979065],[8.2290171,48.9790595],[8.2290863,48.9790343],[8.229125,48.9790193],[8.2292465,48.9789678],[8.229372,48.9789164],[8.2294799,48.9788693],[8.2296031,48.9788199],[8.2296247,48.9788095],[8.2297326,48.9787705],[8.2298044,48.9787393],[8.2298481,48.9787216],[8.2299361,48.9786845],[8.2299601,48.9786749],[8.2300711,48.9786289],[8.2300783,48.9786261],[8.2301916,48.9785799],[8.2302133,48.9785694],[8.2302967,48.9785378],[8.2303584,48.9785103],[8.2304203,48.9784837],[8.2304766,48.9784602],[8.2305162,48.9784447],[8.2306013,48.9784087],[8.2306119,48.9784046],[8.2307135,48.9783616],[8.2308248,48.9783157],[8.2308261,48.9783151],[8.2309157,48.9782794],[8.2309347,48.9782704],[8.2310022,48.9782424],[8.231031,48.9782303],[8.2311042,48.9781968],[8.2311128,48.9781928],[8.2311904,48.9781573],[8.231203,48.9781516],[8.2312689,48.9781186],[8.2312826,48.9781119],[8.2313619,48.9780721],[8.2314391,48.9780333],[8.231556,48.9779747],[8.2315601,48.9779734],[8.2316779,48.9779146],[8.231753,48.9778772],[8.2318248,48.9778413],[8.231861,48.9778238],[8.2319092,48.9778006],[8.2319824,48.9777654],[8.2320445,48.9777354],[8.2321145,48.9777016],[8.2321746,48.9776726],[8.2321779,48.9776709],[8.2322459,48.9776381],[8.2323155,48.9776045],[8.2323819,48.9775723],[8.2324483,48.9775403],[8.2325074,48.9775117],[8.2325706,48.9774812],[8.2326344,48.9774503],[8.2326732,48.9774316],[8.2327051,48.9774159],[8.2327769,48.9773807],[8.232836,48.9773516],[8.232886,48.9773271],[8.2329062,48.9773171],[8.233055,48.977244],[8.2331105,48.9772168],[8.2332333,48.9771565],[8.2332971,48.9771252],[8.2333174,48.9771152],[8.233361,48.9770891],[8.233415,48.9770568],[8.2334164,48.977056],[8.2334821,48.9770167],[8.2334927,48.9770104],[8.233532,48.9769869],[8.2335398,48.9769822],[8.2335758,48.9769607],[8.2335956,48.9769489],[8.2336508,48.9769158],[8.233656,48.9769127],[8.2337141,48.976878],[8.2337297,48.9768686],[8.2337785,48.9768395],[8.2338074,48.9768222],[8.2338403,48.9768026],[8.2338835,48.9767767],[8.2338999,48.9767669],[8.2339538,48.9767347],[8.2340235,48.976693],[8.2340578,48.9766725],[8.2340782,48.9766588],[8.2341048,48.9766382],[8.2341208,48.9766268],[8.234172,48.9765882],[8.2341791,48.9765811],[8.2342218,48.9765485],[8.2342499,48.976527],[8.2342708,48.976511],[8.2343151,48.9764772],[8.2343233,48.9764709],[8.2343587,48.9764439],[8.23438,48.9764276],[8.2344089,48.9764055],[8.2344415,48.9763805],[8.2344562,48.9763693],[8.2344999,48.9763359],[8.2345048,48.9763322],[8.2345394,48.9763057],[8.2345693,48.9762829],[8.2345852,48.9762707],[8.2346234,48.9762416],[8.2346344,48.9762331],[8.2346656,48.9762092],[8.2346967,48.9761855],[8.2347129,48.9761731],[8.2347621,48.9761355],[8.2348017,48.9761052],[8.2348268,48.976086],[8.2348433,48.9760735],[8.2348839,48.9760424],[8.2349214,48.9760137],[8.2349373,48.9760016],[8.2349622,48.9759826],[8.2349974,48.9759557],[8.234868,48.9758235],[8.2348585,48.9758284],[8.2348147,48.9758024],[8.2340537,48.9752366],[8.2332683,48.9746758],[8.2330532,48.9745087],[8.2330096,48.974486],[8.2330452,48.9744667],[8.232864,48.9743547],[8.2324342,48.9741295],[8.2323352,48.9739969],[8.2322299,48.9738558],[8.2314557,48.9736014],[8.2314616,48.9735761],[8.2314711,48.9735275],[8.2314738,48.9735219],[8.2314812,48.9734914],[8.2314858,48.9734723],[8.2314932,48.9734419],[8.2314976,48.9734155],[8.2315071,48.9733593],[8.2315175,48.973298],[8.2315268,48.9732391],[8.2315364,48.9731817],[8.2315412,48.9731532],[8.2315414,48.973118],[8.2315417,48.9730545],[8.2315421,48.9729874],[8.2315424,48.9729256],[8.2315427,48.9728618],[8.2315431,48.9727954],[8.231543,48.9727766],[8.2315136,48.9727139],[8.2314755,48.9726328],[8.231365,48.9726238],[8.2311029,48.9726025],[8.2306498,48.9725656],[8.2297143,48.9724898],[8.2297035,48.9724896],[8.2295224,48.9724741],[8.229234,48.9724464],[8.2283905,48.9723777],[8.2281937,48.9722015],[8.2281072,48.9721254],[8.2281924,48.9719958],[8.2283242,48.9717313],[8.2285182,48.9713869],[8.228639,48.9712179],[8.2288958,48.9706471],[8.2291308,48.9702652],[8.2293532,48.9698113],[8.2293835,48.9696868],[8.2294292,48.9694063],[8.2295216,48.9688913],[8.2295727,48.9687469],[8.2296382,48.9686123],[8.229695,48.9685553],[8.2297418,48.968503],[8.2298795,48.9683894],[8.230062,48.9682562],[8.23012,48.9682183],[8.2303049,48.9680975],[8.2303273,48.9680829],[8.2308646,48.9678371],[8.231781,48.9674657],[8.2325779,48.9664472],[8.2347816,48.9671904],[8.2370111,48.9680701],[8.2387268,48.9689105],[8.2422284,48.9707859],[8.2484524,48.9742035],[8.2532507,48.9767531],[8.2558283,48.9781211],[8.2615361,48.9811366],[8.2735091,48.9875287],[8.2755364,48.9887385],[8.2774334,48.9898604],[8.2797578,48.9914917],[8.2815906,48.9928225],[8.2829014,48.9938454],[8.2839882,48.9947413],[8.2861797,48.9967795],[8.2876592,48.9983804],[8.285039,48.9995579],[8.2845656,48.9990483],[8.2829147,48.9989129],[8.2829754,48.9983315],[8.2805112,48.9983235],[8.2754979,48.9985545],[8.2756435,48.9981483],[8.2772216,48.9975749],[8.2790303,48.9970971],[8.2806083,48.9964281],[8.2824048,48.9951697],[8.2810939,48.9939909],[8.2792973,48.9925254],[8.276559,48.9906621],[8.2747746,48.9921834],[8.2736639,48.9927888],[8.2733847,48.9943419],[8.2735971,48.9954729],[8.2731601,48.99568],[8.2725653,48.9957835],[8.2716913,48.9962614],[8.2713514,48.9965401],[8.2709023,48.9974003],[8.2703924,48.9970578],[8.2695306,48.9968985],[8.2675641,48.9974719],[8.2669814,48.9975357],[8.2650271,48.9974879],[8.2638132,48.9969224],[8.2632184,48.9963888],[8.2632548,48.9957994],[8.2629635,48.9950986],[8.2620895,48.9952419],[8.261082,48.9943101],[8.2609606,48.9939915],[8.260475,48.9937366],[8.2605478,48.9933543],[8.2593317,48.9936314],[8.2586235,48.9931295],[8.258395,48.9933618],[8.2576954,48.9945022],[8.2570808,48.9951178],[8.2562793,48.9956969],[8.2555443,48.9961178],[8.2543856,48.9966607],[8.2527387,48.997332],[8.2512277,48.9980666],[8.2491714,48.9986448],[8.2472026,48.9989299],[8.246453,48.9990921],[8.245913,48.9987987],[8.2447248,48.9981276],[8.2443989,48.9980113],[8.2438259,48.9977878],[8.243736,48.9975752],[8.243937,48.99733],[8.2440334,48.997177],[8.2442056,48.9969981],[8.2441836,48.9970026],[8.2441704,48.9969723],[8.2454109,48.9964125],[8.2443276,48.9942878],[8.2425187,48.9950132]]]}},{"type":"Feature","properties":{"osm_id":1250485,"name":"Hagenbach","admin_level":8},"geometry":{"type":"Polygon","coordinates":[[[8.2261613,48.9990323],[8.2276219,48.9974625],[8.2276477,48.9974347],[8.2282607,48.996789],[8.2283426,48.9966896],[8.2283652,48.9966659],[8.2292363,48.9957528],[8.229257,48.995731],[8.2291883,48.9956039],[8.2291605,48.9955525],[8.2291313,48.9954984],[8.2290999,48.9954405],[8.2290655,48.9953769],[8.2290356,48.9953216],[8.2290207,48.9952941],[8.2290232,48.995249],[8.229068,48.9951717],[8.229075,48.9951596],[8.2290383,48.9951508],[8.2290539,48.995123],[8.2311329,48.9954743],[8.234244,48.9959692],[8.2392627,48.9960183],[8.2417096,48.9952712],[8.2422264,48.9950895],[8.2425187,48.9950132],[8.2443276,48.9942878],[8.2454109,48.9964125],[8.2441704,48.9969723],[8.2441836,48.9970026],[8.2442056,48.9969981],[8.2440334,48.997177],[8.243937,48.99733],[8.243736,48.9975752],[8.2438259,48.9977878],[8.2443989,48.9980113],[8.2447248,48.9981276],[8.245913,48.9987987],[8.246453,48.9990921],[8.2472026,48.9989299],[8.2491714,48.9986448],[8.2512277,48.9980666],[8.2527387,48.997332],[8.2543856,48.9966607],[8.2555443,48.9961178],[8.2562793,48.9956969],[8.2570808,48.9951178],[8.2576954,48.9945022],[8.258395,48.9933618],[8.2586235,48.9931295],[8.2593317,48.9936314],[8.2605478,48.9933543],[8.260475,48.9937366],[8.2609606,48.9939915],[8.261082,48.9943101],[8.2620895,48.9952419],[8.2629635,48.9950986],[8.2632548,48.9957994],[8.2632184,48.9963888],[8.2638132,48.9969224],[8.2650271,48.9974879],[8.2669814,48.9975357],[8.2675641,48.9974719],[8.2695306,48.9968985],[8.2703924,48.9970578],[8.2709023,48.9974003],[8.2713514,48.9965401],[8.2716913,48.9962614],[8.2725653,48.9957835],[8.2731601,48.99568],[8.2735971,48.9954729],[8.2733847,48.9943419],[8.2736639,48.9927888],[8.2747746,48.9921834],[8.276559,48.9906621],[8.2792973,48.9925254],[8.2810939,48.9939909],[8.2824048,48.9951697],[8.2806083,48.9964281],[8.2790303,48.9970971],[8.2772216,48.9975749],[8.2756435,48.9981483],[8.2754979,48.9985545],[8.2805112,48.9983235],[8.2829754,48.9983315],[8.2829147,48.9989129],[8.2845656,48.9990483],[8.285039,48.9995579],[8.2876592,48.9983804],[8.2881195,48.9989525],[8.2890872,49.0001659],[8.2906959,49.0023239],[8.2916379,49.0035574],[8.2864561,49.0066843],[8.2854365,49.0059437],[8.2827902,49.0066843],[8.281989,49.0072178],[8.2812728,49.0079583],[8.2804231,49.0096702],[8.2809208,49.0099881],[8.2783717,49.0128226],[8.2781774,49.0125041],[8.2766479,49.0145423],[8.2762838,49.0153862],[8.276041,49.0165167],[8.2760653,49.017058],[8.2765266,49.0180611],[8.2765447,49.0188106],[8.2751024,49.0199643],[8.273935,49.0219907],[8.2722244,49.0242332],[8.2683307,49.0276384],[8.2669805,49.0287701],[8.265281,49.0294227],[8.2623677,49.0297093],[8.2604983,49.0295342],[8.2584833,49.0291681],[8.2574929,49.0288129],[8.2574278,49.0287143],[8.2567462,49.0283444],[8.2562342,49.0279702],[8.2561396,49.0278846],[8.2560337,49.0279295],[8.2558967,49.0279766],[8.256032,49.0281273],[8.2565359,49.028772],[8.256617,49.028858],[8.2576617,49.0313604],[8.2596287,49.0328568],[8.2568608,49.0342691],[8.2559983,49.0338243],[8.2504893,49.0350756],[8.2497254,49.0414721],[8.249545,49.0414384],[8.2493539,49.0411869],[8.2485719,49.0395133],[8.2482384,49.0395133],[8.2476175,49.039649],[8.246479,49.0399506],[8.244961,49.0402219],[8.2442135,49.0402446],[8.2435925,49.0401315],[8.2427875,49.0398601],[8.2416835,49.0392269],[8.2407808,49.0386087],[8.2398722,49.037716],[8.2389397,49.0364867],[8.2385947,49.0353257],[8.2374677,49.034813],[8.2357722,49.0346525],[8.2333327,49.0329892],[8.232479,49.0325927],[8.2323517,49.0324741],[8.2323273,49.0318717],[8.2325225,49.0314985],[8.2323842,49.031024],[8.2320671,49.0307414],[8.2317337,49.0307094],[8.2308038,49.0299183],[8.2311807,49.0294671],[8.2317295,49.0291059],[8.2266753,49.0273158],[8.2273653,49.0260716],[8.2245823,49.0258077],[8.2240167,49.0234155],[8.2261167,49.0226196],[8.2246677,49.0208851],[8.2257479,49.0170059],[8.225673,49.0166308],[8.225223,49.0154566],[8.2256371,49.0154245],[8.2266556,49.0160047],[8.2269996,49.0157557],[8.228155,49.0161183],[8.2297146,49.0168847],[8.22988,49.0169307],[8.2302484,49.016955],[8.2323503,49.0169183],[8.2327406,49.0155317],[8.2336351,49.0149664],[8.2343344,49.014881],[8.2300734,49.011521],[8.2294336,49.0096991],[8.2311653,49.0082712],[8.2269103,49.0074716],[8.2235524,49.0075621],[8.2219085,49.006902],[8.2214768,49.005183],[8.2206489,49.0043531],[8.2203499,49.0032819],[8.2203722,49.0032554],[8.2207179,49.0028443],[8.2205109,49.0013807],[8.2222358,49.001592],[8.2230244,49.001392],[8.2237306,49.000962],[8.2248237,49.0018624],[8.2253066,49.0005346],[8.2261613,48.9990323]]]}},{"type":"Feature","properties":{"osm_id":1427002,"name":"Remchingen","admin_level":8},"geometry":{"type":"Polygon","coordinates":[[[8.5345446,48.9280807],[8.5347301,48.9277659],[8.5350147,48.9272619],[8.53517,48.926888],[8.535368,48.9268855],[8.5363269,48.9269815],[8.5370983,48.9270276],[8.5385816,48.9269545],[8.5391076,48.9269116],[8.5394086,48.9269146],[8.5398653,48.9268935],[8.54032,48.9268842],[8.5409615,48.9268251],[8.5413694,48.9268001],[8.5416751,48.9268178],[8.5421043,48.9268918],[8.5439818,48.9270504],[8.5456126,48.9272936],[8.5464924,48.9273958],[8.5480481,48.9276108],[8.5488054,48.9277282],[8.5492605,48.9277691],[8.5497099,48.9278319],[8.5511944,48.9279575],[8.5512678,48.9277756],[8.5520857,48.9278509],[8.5525026,48.9278395],[8.5533225,48.9277515],[8.5540244,48.9276948],[8.5543927,48.9270719],[8.5545613,48.9266756],[8.5544833,48.9261567],[8.5543963,48.9256604],[8.5540484,48.9254083],[8.5538012,48.9251039],[8.5538156,48.9248568],[8.5539656,48.9245844],[8.5538155,48.9241254],[8.553639,48.9235072],[8.5535545,48.9232386],[8.5534885,48.922884],[8.5535505,48.9222447],[8.5534323,48.9217409],[8.5534256,48.9213629],[8.5534095,48.9210597],[8.5534944,48.9207307],[8.5538553,48.9202128],[8.5534186,48.9201402],[8.5529724,48.9200393],[8.5524819,48.9199006],[8.5520861,48.9198231],[8.5522503,48.9197357],[8.5521698,48.9192634],[8.5519397,48.9191018],[8.5520363,48.9190082],[8.5529048,48.9186132],[8.5533676,48.9184201],[8.5538778,48.918242],[8.554256,48.9186632],[8.5559484,48.9180869],[8.5558664,48.9178966],[8.5567677,48.9176545],[8.5569393,48.9176228],[8.5574666,48.9176021],[8.5582819,48.9176409],[8.5586038,48.9173148],[8.5588146,48.9173138],[8.5591858,48.9176374],[8.5593897,48.9182684],[8.5600281,48.9181838],[8.5599476,48.9178736],[8.5598913,48.917618],[8.5605028,48.9175775],[8.5610232,48.917054],[8.5613906,48.9168231],[8.5622241,48.916393],[8.5623623,48.9160085],[8.5624043,48.9157816],[8.5624861,48.9155134],[8.5625643,48.9154562],[8.5629568,48.9153214],[8.5632325,48.9148861],[8.5634317,48.9148729],[8.5640974,48.9147789],[8.5646576,48.9147595],[8.5653952,48.9147332],[8.5662412,48.9146783],[8.56755,48.9144242],[8.5674641,48.9142322],[8.5690197,48.913915],[8.5690827,48.9140844],[8.5695639,48.9140279],[8.5699963,48.9139131],[8.5706063,48.9137932],[8.571837,48.9139232],[8.5737326,48.9139492],[8.5747694,48.9139525],[8.5755389,48.9138247],[8.5761951,48.9136623],[8.5766285,48.9135266],[8.5769362,48.9134638],[8.578236,48.913281],[8.5787585,48.9132384],[8.5791409,48.9132256],[8.5803174,48.9133999],[8.5828047,48.9137602],[8.584111,48.913856],[8.585391,48.9139771],[8.5874522,48.9138435],[8.5889693,48.914013],[8.5897833,48.914052],[8.5908969,48.9138388],[8.5911071,48.9138046],[8.5918811,48.9142367],[8.5920964,48.9143439],[8.5928306,48.9146387],[8.593563,48.9149454],[8.5942064,48.9152148],[8.5945957,48.9153656],[8.5950398,48.9156087],[8.5952629,48.9157425],[8.5958677,48.916146],[8.5961317,48.9163232],[8.5962168,48.9163553],[8.5962465,48.9164316],[8.5962946,48.916451],[8.5963967,48.9164904],[8.5963869,48.9165559],[8.5965442,48.9167297],[8.596826,48.9170125],[8.5972759,48.9168404],[8.5977517,48.9167866],[8.5979398,48.9170465],[8.5982234,48.9169909],[8.5983942,48.9172488],[8.5989668,48.9174325],[8.6003451,48.9181139],[8.6019106,48.9186901],[8.6022698,48.9188173],[8.6028066,48.9190041],[8.6035955,48.919156],[8.6042477,48.9192571],[8.6049334,48.9193717],[8.6065189,48.9194396],[8.6071089,48.9193563],[8.607755,48.9192047],[8.6084949,48.9188539],[8.6091868,48.9186327],[8.6102666,48.9185076],[8.6112732,48.9185397],[8.6121506,48.9186571],[8.6122893,48.91868],[8.612872,48.9187845],[8.6131763,48.9191716],[8.6134932,48.9194563],[8.6133083,48.9197469],[8.613184,48.9200407],[8.6127771,48.9206412],[8.6111391,48.9232604],[8.6096923,48.9242085],[8.6077199,48.9253467],[8.6071485,48.9260221],[8.605546,48.9283467],[8.6053384,48.9285312],[8.6046499,48.9289774],[8.6038426,48.9296256],[8.6034791,48.9298979],[8.6031097,48.9302761],[8.6028385,48.9306553],[8.6025032,48.931545],[8.6023191,48.9317258],[8.601605,48.9325872],[8.6031926,48.9340345],[8.6027173,48.9342695],[8.601282,48.9348734],[8.6012415,48.9348937],[8.5991998,48.935728],[8.5982454,48.9361411],[8.5982941,48.9361955],[8.59745,48.9366406],[8.5978274,48.9369883],[8.5969243,48.937414],[8.5976137,48.9379788],[8.5984259,48.9388547],[8.5989943,48.9393904],[8.602642,48.9419532],[8.601947,48.9426292],[8.6016673,48.9430324],[8.6008349,48.9446446],[8.6002333,48.9459437],[8.6001316,48.9461368],[8.5987331,48.9461246],[8.5972913,48.9458866],[8.596701,48.9458337],[8.5966528,48.9464447],[8.5965496,48.9470866],[8.596803,48.9479904],[8.5968098,48.9489391],[8.5964647,48.949913],[8.5956867,48.9516794],[8.5954988,48.9519681],[8.5951856,48.9523373],[8.5949869,48.9525094],[8.5948362,48.9525874],[8.5941313,48.9529404],[8.5934988,48.9531689],[8.59291,48.9534327],[8.5927363,48.9535355],[8.5924392,48.9537187],[8.5920757,48.9539542],[8.591891,48.954075],[8.5911725,48.9546614],[8.5905573,48.9553916],[8.5898822,48.9565549],[8.5894056,48.9568335],[8.5882656,48.9568657],[8.5881785,48.9571101],[8.58798,48.9571418],[8.5879462,48.9573425],[8.588054,48.9576315],[8.5882345,48.957814],[8.5882056,48.9581126],[8.5881621,48.9582341],[8.5881981,48.9584913],[8.5888316,48.9589311],[8.5890759,48.9590073],[8.5886854,48.9594058],[8.5882333,48.9596364],[8.5877397,48.9598495],[8.5873997,48.9600468],[8.5870737,48.960201],[8.5864682,48.9603803],[8.5858005,48.9605909],[8.5853057,48.9607909],[8.5847441,48.9612285],[8.5843389,48.9616516],[8.5840316,48.9619724],[8.5836224,48.9621364],[8.5836528,48.962551],[8.5829953,48.9626541],[8.5830347,48.9633192],[8.5829926,48.9634794],[8.5823066,48.9634005],[8.5821479,48.9638938],[8.5819512,48.9644066],[8.5810774,48.9661918],[8.5805584,48.9673661],[8.580365,48.9677795],[8.5800157,48.9685429],[8.5797058,48.9685575],[8.5796866,48.9686235],[8.5790781,48.9687266],[8.579088,48.9690545],[8.5783931,48.9691451],[8.5789451,48.9707498],[8.5789368,48.9707578],[8.5765986,48.9707966],[8.5763584,48.9708324],[8.5761389,48.9714124],[8.5758488,48.9720543],[8.5751663,48.9730309],[8.574612,48.9743509],[8.5751698,48.9746096],[8.5754386,48.9747591],[8.5755711,48.9748577],[8.5756596,48.9749951],[8.5756677,48.9752204],[8.5764621,48.9768541],[8.5767352,48.9772996],[8.5767486,48.9774369],[8.57689,48.9776377],[8.5771553,48.9778265],[8.5774797,48.9780034],[8.5777477,48.9781668],[8.5778431,48.9782333],[8.5779251,48.9783199],[8.5780631,48.9785132],[8.5781487,48.9786833],[8.5782294,48.9789833],[8.5784515,48.9798172],[8.5785185,48.9801271],[8.5784276,48.9808979],[8.5784788,48.9816411],[8.5792202,48.9827656],[8.5795261,48.9830717],[8.5798667,48.983466],[8.5800565,48.9836984],[8.5804819,48.9842712],[8.5828024,48.9844872],[8.5832798,48.9846543],[8.5835559,48.984927],[8.5842276,48.9853166],[8.5849981,48.9857347],[8.5858628,48.9863131],[8.5871346,48.9867826],[8.5882686,48.9870556],[8.5887498,48.9870961],[8.5894927,48.9870963],[8.589085,48.9872088],[8.5882723,48.987515],[8.5871532,48.988067],[8.5861557,48.9886376],[8.5856445,48.9888958],[8.5851788,48.9890678],[8.5841996,48.9892001],[8.5835935,48.9892865],[8.5830909,48.9894182],[8.5821217,48.9896229],[8.5809404,48.9898155],[8.580139,48.9898937],[8.5793921,48.9894811],[8.5787418,48.9892153],[8.5784259,48.9891431],[8.5782311,48.9891353],[8.5778409,48.989328],[8.5778541,48.9894887],[8.5772265,48.9897378],[8.5758465,48.988889],[8.5747774,48.9882003],[8.574564,48.9881023],[8.5744207,48.9879604],[8.5742645,48.9876827],[8.5741046,48.9872952],[8.5739572,48.9871168],[8.5735918,48.9867066],[8.5734019,48.9864905],[8.5732006,48.9861802],[8.5727676,48.9855277],[8.5727857,48.9851204],[8.5730339,48.9851328],[8.5731183,48.9848113],[8.5731646,48.9843393],[8.5730679,48.9841421],[8.5730664,48.9838719],[8.5731884,48.9834642],[8.5733449,48.9828439],[8.5733428,48.9826356],[8.5727809,48.9817762],[8.5726178,48.9814717],[8.5723366,48.9812027],[8.5721021,48.9810797],[8.5718477,48.9810609],[8.5714913,48.9810499],[8.5701941,48.9811667],[8.5696385,48.9812121],[8.5690073,48.9802571],[8.5688587,48.9799759],[8.5689064,48.9785409],[8.5689791,48.9783879],[8.569505,48.9778436],[8.569828,48.9772891],[8.5692499,48.976729],[8.5688779,48.9763265],[8.5683745,48.9759799],[8.5673001,48.9754385],[8.5662076,48.9751275],[8.5650356,48.9748971],[8.5645798,48.9748402],[8.5636573,48.9747998],[8.5630785,48.9748212],[8.5630242,48.9747262],[8.5625214,48.974237],[8.5620584,48.9738191],[8.5615697,48.9734292],[8.5613602,48.9732112],[8.5612144,48.9728638],[8.5611305,48.9727902],[8.5610382,48.9727121],[8.5606782,48.9723981],[8.5602744,48.9721872],[8.559802,48.9720124],[8.5594774,48.9718883],[8.5592017,48.9717868],[8.558902,48.9716602],[8.5586655,48.9714942],[8.5584483,48.971335],[8.5582478,48.9711924],[8.5578378,48.9707748],[8.5577398,48.9705797],[8.5576206,48.9704307],[8.5572992,48.9702869],[8.557779,48.9695677],[8.5583942,48.9689362],[8.5587057,48.9686422],[8.5596095,48.9679166],[8.560405,48.9673658],[8.5601323,48.9670081],[8.5597907,48.9668339],[8.5595418,48.9666921],[8.5590275,48.9665835],[8.5586704,48.9665524],[8.5583249,48.9665401],[8.5584887,48.9658947],[8.5585681,48.965225],[8.558625,48.9647357],[8.5585134,48.9645643],[8.5583747,48.964192],[8.5581982,48.9632723],[8.5582343,48.9631577],[8.5583542,48.9629882],[8.5585966,48.9627567],[8.5589902,48.9623041],[8.5594499,48.9618427],[8.5592863,48.9616885],[8.5591826,48.9616217],[8.5589843,48.9614574],[8.5589072,48.9613936],[8.5588703,48.9613631],[8.5584514,48.96105],[8.5587972,48.9608215],[8.558718,48.9607894],[8.5585908,48.9607378],[8.5584615,48.9606922],[8.5580863,48.9605465],[8.5579274,48.9604871],[8.557636,48.9603119],[8.5572173,48.9600591],[8.5566982,48.9597435],[8.5561224,48.9593755],[8.5557945,48.9590058],[8.5554538,48.9586236],[8.55514,48.9582538],[8.554668,48.9578927],[8.5542659,48.9575315],[8.5537013,48.9571269],[8.55324,48.9568028],[8.5528547,48.9565225],[8.5525409,48.9563023],[8.5516826,48.9557018],[8.5511864,48.9553548],[8.5506983,48.9547983],[8.5499709,48.9539663],[8.5497275,48.9536886],[8.5491652,48.9530323],[8.5478399,48.9537465],[8.5474102,48.9534344],[8.5463192,48.9541173],[8.5453385,48.9547818],[8.5448366,48.955118],[8.5445796,48.9546199],[8.5444642,48.954406],[8.5442954,48.9541193],[8.5444833,48.9540439],[8.5438385,48.9534146],[8.5434209,48.9529971],[8.5432656,48.9530212],[8.5430067,48.9527225],[8.5426962,48.9525957],[8.542694,48.9525026],[8.5424802,48.9523066],[8.5423508,48.9522497],[8.5422075,48.9522061],[8.5420625,48.9521913],[8.5418068,48.9523784],[8.5413567,48.9526324],[8.5410451,48.9527675],[8.540728,48.9529868],[8.5399601,48.9533664],[8.5394203,48.9535304],[8.5390383,48.9535833],[8.5385506,48.9536709],[8.5382689,48.9537029],[8.5380723,48.953724],[8.5381567,48.9532624],[8.5380668,48.9529563],[8.5377499,48.9522187],[8.5375429,48.951741],[8.5373026,48.9511835],[8.5369389,48.9503613],[8.5371417,48.9503095],[8.5369663,48.9498621],[8.5366272,48.9494211],[8.5364,48.9495092],[8.536231,48.9491384],[8.5360711,48.9486263],[8.5359542,48.9482436],[8.5358501,48.9478994],[8.5357721,48.947588],[8.535543,48.947209],[8.535423,48.9468715],[8.5354648,48.9461746],[8.5353745,48.9456138],[8.5355081,48.9455847],[8.5360775,48.9456348],[8.5359206,48.9453081],[8.5363999,48.945153],[8.5358954,48.9443997],[8.5357838,48.9442195],[8.537186,48.9439138],[8.5371739,48.9436592],[8.5373386,48.9436287],[8.5376068,48.9435896],[8.5379935,48.9435005],[8.5383741,48.9433787],[8.538555,48.9433084],[8.5396824,48.9428714],[8.5391954,48.9424228],[8.5389794,48.9420647],[8.5387679,48.9416166],[8.5387115,48.9408893],[8.5387141,48.9407113],[8.5386927,48.9405211],[8.5387866,48.9402339],[8.538926,48.9400841],[8.5400204,48.9389213],[8.5408011,48.9381125],[8.5411816,48.9378787],[8.5416199,48.9375135],[8.541756,48.9371931],[8.5424547,48.9368868],[8.5423712,48.9367262],[8.5427239,48.9361701],[8.5434186,48.9356839],[8.5428768,48.9355728],[8.5423537,48.9354812],[8.5417189,48.9346113],[8.5416314,48.9344805],[8.5415598,48.9343733],[8.5414078,48.9341461],[8.5412347,48.9338903],[8.5411388,48.9337486],[8.5411074,48.9337021],[8.5408662,48.9333011],[8.5418747,48.9330019],[8.5415276,48.9327096],[8.5412424,48.9326071],[8.5405634,48.9323845],[8.5405577,48.9322512],[8.5397709,48.9319662],[8.5380473,48.9313868],[8.536849,48.9309599],[8.5359984,48.9305486],[8.5363413,48.9301971],[8.5350178,48.9295248],[8.5350404,48.9291108],[8.5343972,48.9291791],[8.5343792,48.9287549],[8.5342825,48.9283651],[8.5345446,48.9280807]]]}}]}